train_no,station_code,scheduled_arrival_ts,scheduled_departure_ts
T0001,HWH,1/14/2026 3:45,1/14/2026 3:47
T0002,HWH,1/14/2026 0:05,1/14/2026 0:07
T0003,HWH,1/14/2026 0:05,1/14/2026 0:07
T0004,HWH,1/14/2026 0:50,1/14/2026 0:52
T0005,HWH,1/14/2026 0:05,1/14/2026 0:07
T0006,HWH,1/14/2026 0:55,1/14/2026 0:57
T0007,HWH,1/14/2026 0:05,1/14/2026 0:07
T0008,HWH,1/14/2026 1:10,1/14/2026 1:12
T0009,HWH,1/14/2026 0:05,1/14/2026 0:07
T0010,HWH,1/14/2026 0:35,1/14/2026 0:37
T0011,HWH,1/14/2026 0:05,1/14/2026 0:07
T0012,HWH,1/14/2026 0:45,1/14/2026 0:47
T0013,HWH,1/14/2026 1:20,1/14/2026 1:22
T0014,HWH,1/14/2026 0:05,1/14/2026 0:07
T0015,HWH,1/14/2026 2:30,1/14/2026 2:32
T0016,HWH,1/14/2026 0:05,1/14/2026 0:07
T0017,HWH,1/14/2026 2:00,1/14/2026 2:02
T0018,HWH,1/14/2026 0:05,1/14/2026 0:07
T0019,HWH,1/14/2026 0:05,1/14/2026 0:07
T0020,HWH,1/14/2026 2:35,1/14/2026 2:37
T0021,HWH,1/14/2026 0:05,1/14/2026 0:07
T0022,HWH,1/14/2026 2:50,1/14/2026 2:52
T0023,HWH,1/14/2026 0:40,1/14/2026 0:42
T0024,HWH,1/14/2026 0:05,1/14/2026 0:07
T0025,HWH,1/14/2026 0:05,1/14/2026 0:07
T0026,HWH,1/14/2026 0:30,1/14/2026 0:32
T0027,HWH,1/14/2026 0:05,1/14/2026 0:07
T0028,HWH,1/14/2026 0:35,1/14/2026 0:37
T0029,HWH,1/14/2026 1:45,1/14/2026 1:47
T0030,HWH,1/14/2026 0:45,1/14/2026 0:47
T0031,HWH,1/14/2026 0:35,1/14/2026 0:37
T0032,HWH,1/14/2026 0:05,1/14/2026 0:07
T0033,HWH,1/14/2026 0:05,1/14/2026 0:07
T0034,HWH,1/14/2026 0:30,1/14/2026 0:32
T0035,HWH,1/14/2026 0:05,1/14/2026 0:07
T0036,HWH,1/14/2026 0:40,1/14/2026 0:42
T0037,HWH,1/14/2026 0:05,1/14/2026 0:07
T0038,HWH,1/14/2026 0:40,1/14/2026 0:42
T0039,HWH,1/14/2026 0:05,1/14/2026 0:07
T0040,HWH,1/14/2026 2:05,1/14/2026 2:07
T0041,HWH,1/14/2026 0:05,1/14/2026 0:07
T0042,HWH,1/14/2026 0:45,1/14/2026 0:47
T0043,HWH,1/14/2026 0:05,1/14/2026 0:07
T0044,HWH,1/14/2026 2:20,1/14/2026 2:22
T0045,HWH,1/14/2026 0:05,1/14/2026 0:07
T0046,HWH,1/14/2026 3:20,1/14/2026 3:22
T0047,HWH,1/14/2026 0:05,1/14/2026 0:07
T0048,HWH,1/14/2026 4:05,1/14/2026 4:07
T0049,HWH,1/14/2026 0:05,1/14/2026 0:07
T0050,HWH,1/14/2026 0:45,1/14/2026 0:47
T0051,HWH,1/14/2026 0:05,1/14/2026 0:07
T0052,HWH,1/14/2026 1:40,1/14/2026 1:42
T0053,HWH,1/14/2026 0:05,1/14/2026 0:07
T0054,HWH,1/14/2026 2:40,1/14/2026 2:42
T0055,HWH,1/14/2026 0:05,1/14/2026 0:07
T0056,HWH,1/14/2026 2:35,1/14/2026 2:37
T0057,HWH,1/14/2026 0:05,1/14/2026 0:07
T0058,HWH,1/14/2026 0:20,1/14/2026 0:22
T0059,HWH,1/14/2026 0:05,1/14/2026 0:07
T0060,HWH,1/14/2026 1:05,1/14/2026 1:07
T0061,HWH,1/14/2026 0:05,1/14/2026 0:07
T0062,HWH,1/14/2026 0:35,1/14/2026 0:37
T0063,HWH,1/14/2026 0:05,1/14/2026 0:07
T0064,HWH,1/14/2026 1:05,1/14/2026 1:07
T0065,HWH,1/14/2026 0:05,1/14/2026 0:07
T0066,HWH,1/14/2026 0:45,1/14/2026 0:47
T0067,HWH,1/14/2026 0:05,1/14/2026 0:07
T0068,HWH,1/14/2026 1:55,1/14/2026 1:57
T0069,HWH,1/14/2026 0:05,1/14/2026 0:07
T0070,HWH,1/14/2026 1:30,1/14/2026 1:32
T0071,HWH,1/14/2026 0:05,1/14/2026 0:07
T0072,HWH,1/14/2026 1:40,1/14/2026 1:42
T0073,HWH,1/14/2026 0:05,1/14/2026 0:07
T0074,HWH,1/14/2026 2:25,1/14/2026 2:27
T0075,HWH,1/14/2026 0:05,1/14/2026 0:07
T0076,HWH,1/14/2026 1:50,1/14/2026 1:52
T0077,BDC,1/14/2026 0:20,1/14/2026 0:22
T0078,BDC,1/14/2026 0:30,1/14/2026 0:32
T0079,HWH,1/14/2026 1:25,1/14/2026 1:27
T0080,HWH,1/14/2026 0:35,1/14/2026 0:37
T0081,HWH,1/14/2026 3:05,1/14/2026 3:07
T0082,HWH,1/14/2026 1:50,1/14/2026 1:52
T0083,HWH,1/14/2026 2:05,1/14/2026 2:07
T0084,HWH,1/14/2026 1:30,1/14/2026 1:32
T0085,HWH,1/14/2026 1:30,1/14/2026 1:32
T0086,HWH,1/14/2026 1:10,1/14/2026 1:12
T0087,HWH,1/14/2026 3:00,1/14/2026 3:02
T0088,HWH,1/14/2026 1:50,1/14/2026 1:52
T0089,BDC,1/14/2026 0:10,1/14/2026 0:12
T0090,BDC,1/14/2026 1:05,1/14/2026 1:07
T0091,BDC,1/14/2026 0:10,1/14/2026 0:12
T0092,BDC,1/14/2026 1:50,1/14/2026 1:52
T0093,HWH,1/14/2026 0:05,1/14/2026 0:07
T0094,HWH,1/14/2026 2:00,1/14/2026 2:02
T0095,HWH,1/14/2026 0:05,1/14/2026 0:07
T0096,HWH,1/14/2026 2:40,1/14/2026 2:42
T0097,HWH,1/14/2026 0:05,1/14/2026 0:07
T0098,HWH,1/14/2026 2:15,1/14/2026 2:17
T0099,HWH,1/14/2026 3:40,1/14/2026 3:42
T0100,HWH,1/14/2026 0:05,1/14/2026 0:07
T0101,HWH,1/14/2026 0:05,1/14/2026 0:07
T0102,HWH,1/14/2026 0:45,1/14/2026 0:47
T0103,HWH,1/14/2026 0:05,1/14/2026 0:07
T0104,HWH,1/14/2026 1:20,1/14/2026 1:22
T0105,HWH,1/14/2026 0:05,1/14/2026 0:07
T0106,HWH,1/14/2026 1:15,1/14/2026 1:17
T0107,HWH,1/14/2026 5:15,1/14/2026 5:17
T0108,HWH,1/14/2026 0:05,1/14/2026 0:07
T0109,HWH,1/14/2026 0:05,1/14/2026 0:07
T0110,HWH,1/14/2026 1:10,1/14/2026 1:12
T0111,HWH,1/14/2026 0:05,1/14/2026 0:07
T0112,HWH,1/14/2026 3:00,1/14/2026 3:02
T0113,HWH,1/14/2026 0:05,1/14/2026 0:07
T0114,HWH,1/14/2026 1:25,1/14/2026 1:27
T0115,HWH,1/14/2026 0:05,1/14/2026 0:07
T0116,HWH,1/14/2026 0:25,1/14/2026 0:27
T0117,HWH,1/14/2026 0:05,1/14/2026 0:07
T0118,HWH,1/14/2026 0:40,1/14/2026 0:42
T0119,HWH,1/14/2026 2:15,1/14/2026 2:17
T0120,HWH,1/14/2026 0:05,1/14/2026 0:07
T0121,HWH,1/14/2026 0:05,1/14/2026 0:07
T0122,HWH,1/14/2026 3:00,1/14/2026 3:02
T0123,HWH,1/14/2026 0:05,1/14/2026 0:07
T0124,HWH,1/14/2026 0:45,1/14/2026 0:47
T0125,HWH,1/14/2026 0:05,1/14/2026 0:07
T0126,HWH,1/14/2026 1:20,1/14/2026 1:22
T0127,HWH,1/14/2026 1:40,1/14/2026 1:42
T0128,HWH,1/14/2026 0:05,1/14/2026 0:07
T0129,HWH,1/14/2026 0:05,1/14/2026 0:07
T0130,HWH,1/14/2026 2:35,1/14/2026 2:37
T0131,HWH,1/14/2026 0:05,1/14/2026 0:07
T0132,HWH,1/14/2026 0:45,1/14/2026 0:47
T0133,HWH,1/14/2026 1:05,1/14/2026 1:07
T0134,HWH,1/14/2026 0:05,1/14/2026 0:07
T0135,HWH,1/14/2026 0:55,1/14/2026 0:57
T0136,HWH,1/14/2026 0:05,1/14/2026 0:07
T0137,HWH,1/14/2026 0:55,1/14/2026 0:57
T0138,HWH,1/14/2026 2:30,1/14/2026 2:32
T0139,HWH,1/14/2026 0:05,1/14/2026 0:07
T0140,HWH,1/14/2026 1:25,1/14/2026 1:27
T0141,HWH,1/14/2026 0:05,1/14/2026 0:07
T0142,HWH,1/14/2026 0:05,1/14/2026 0:07
T0143,HWH,1/14/2026 4:40,1/14/2026 4:42
T0144,HWH,1/14/2026 0:05,1/14/2026 0:07
T0144,BDC,1/14/2026 0:10,1/14/2026 0:12
T0145,BDC,1/14/2026 8:55,1/14/2026 8:57
T0145,HWH,1/14/2026 9:00,1/14/2026 9:02
T0146,HWH,1/14/2026 0:05,1/14/2026 0:07
T0146,SRP,1/14/2026 0:10,1/14/2026 0:12
T0146,CGR,1/14/2026 0:15,1/14/2026 0:17
T0146,BDC,1/14/2026 0:20,1/14/2026 0:22
T0147,BDC,1/14/2026 6:15,1/14/2026 6:17
T0147,CGR,1/14/2026 6:20,1/14/2026 6:22
T0147,SRP,1/14/2026 6:25,1/14/2026 6:27
T0147,HWH,1/14/2026 6:30,1/14/2026 6:32
T0148,HWH,1/14/2026 0:05,1/14/2026 0:07
T0148,BDC,1/14/2026 0:10,1/14/2026 0:12
T0149,BDC,1/14/2026 1:25,1/14/2026 1:27
T0149,HWH,1/14/2026 1:30,1/14/2026 1:32
T0150,HWH,1/14/2026 0:05,1/14/2026 0:07
T0150,BDC,1/14/2026 0:10,1/14/2026 0:12
T0151,BDC,1/14/2026 0:20,1/14/2026 0:22
T0151,HWH,1/14/2026 0:25,1/14/2026 0:27
T0152,HWH,1/14/2026 0:05,1/14/2026 0:07
T0152,BDC,1/14/2026 0:15,1/14/2026 0:17
T0153,BDC,1/14/2026 1:05,1/14/2026 1:07
T0153,HWH,1/14/2026 1:15,1/14/2026 1:17
T0154,HWH,1/14/2026 0:05,1/14/2026 0:07
T0154,SRP,1/14/2026 0:10,1/14/2026 0:12
T0154,BDC,1/14/2026 0:15,1/14/2026 0:17
T0155,BDC,1/14/2026 5:15,1/14/2026 5:17
T0155,HWH,1/14/2026 5:20,1/14/2026 5:22
T0156,HWH,1/14/2026 0:05,1/14/2026 0:07
T0156,SRP,1/14/2026 0:10,1/14/2026 0:12
T0156,CGR,1/14/2026 0:20,1/14/2026 0:22
T0156,BDC,1/14/2026 0:25,1/14/2026 0:27
T0157,BDC,1/14/2026 3:10,1/14/2026 3:12
T0157,CGR,1/14/2026 3:15,1/14/2026 3:17
T0157,SRP,1/14/2026 3:25,1/14/2026 3:27
T0157,HWH,1/14/2026 3:30,1/14/2026 3:32
T0158,HWH,1/14/2026 0:05,1/14/2026 0:07
T0158,BDC,1/14/2026 0:10,1/14/2026 0:12
T0159,BDC,1/14/2026 2:40,1/14/2026 2:42
T0159,HWH,1/14/2026 2:45,1/14/2026 2:47
T0160,HWH,1/14/2026 0:05,1/14/2026 0:07
T0160,BDC,1/14/2026 0:10,1/14/2026 0:12
T0161,BDC,1/14/2026 0:50,1/14/2026 0:52
T0161,HWH,1/14/2026 0:55,1/14/2026 0:57
T0162,HWH,1/14/2026 0:05,1/14/2026 0:07
T0162,CNS,1/14/2026 0:15,1/14/2026 0:17
T0162,BDC,1/14/2026 0:20,1/14/2026 0:22
T0163,BDC,1/14/2026 3:30,1/14/2026 3:32
T0163,CNS,1/14/2026 3:35,1/14/2026 3:37
T0163,HWH,1/14/2026 3:45,1/14/2026 3:47
T0164,HWH,1/14/2026 0:05,1/14/2026 0:07
T0164,BDC,1/14/2026 0:10,1/14/2026 0:12
T0165,BDC,1/14/2026 1:30,1/14/2026 1:32
T0165,HWH,1/14/2026 1:35,1/14/2026 1:37
T0166,HWH,1/14/2026 0:05,1/14/2026 0:07
T0166,SRP,1/14/2026 0:10,1/14/2026 0:12
T0166,CGR,1/14/2026 0:20,1/14/2026 0:22
T0166,CNS,1/14/2026 0:25,1/14/2026 0:27
T0166,BDC,1/14/2026 0:30,1/14/2026 0:32
T0167,BDC,1/14/2026 8:25,1/14/2026 8:27
T0167,CNS,1/14/2026 8:30,1/14/2026 8:32
T0167,CGR,1/14/2026 8:35,1/14/2026 8:37
T0167,SRP,1/14/2026 8:45,1/14/2026 8:47
T0167,HWH,1/14/2026 8:50,1/14/2026 8:52
T0168,HWH,1/14/2026 0:05,1/14/2026 0:07
T0169,HWH,1/14/2026 0:30,1/14/2026 0:32
T0170,HWH,1/14/2026 0:05,1/14/2026 0:07
T0170,BDC,1/14/2026 0:10,1/14/2026 0:12
T0171,BDC,1/14/2026 0:55,1/14/2026 0:57
T0171,HWH,1/14/2026 1:00,1/14/2026 1:02
T0172,HWH,1/14/2026 0:05,1/14/2026 0:07
T0173,HWH,1/14/2026 1:45,1/14/2026 1:47
T0174,BDC,1/14/2026 0:15,1/14/2026 0:17
T0175,BDC,1/14/2026 2:20,1/14/2026 2:22
T0176,BDC,1/14/2026 0:15,1/14/2026 0:17
T0177,BDC,1/14/2026 3:35,1/14/2026 3:37
T0178,BDC,1/14/2026 0:15,1/14/2026 0:17
T0179,BDC,1/14/2026 1:15,1/14/2026 1:17
T0180,BDC,1/14/2026 0:20,1/14/2026 0:22
T0181,BDC,1/14/2026 1:35,1/14/2026 1:37
T0182,BDC,1/14/2026 0:15,1/14/2026 0:17
T0183,BDC,1/14/2026 2:40,1/14/2026 2:42
T0184,BDC,1/14/2026 0:15,1/14/2026 0:17
T0185,BDC,1/14/2026 1:30,1/14/2026 1:32
T0186,BDC,1/14/2026 0:20,1/14/2026 0:22
T0187,BDC,1/14/2026 1:00,1/14/2026 1:02
T0188,BDC,1/14/2026 0:15,1/14/2026 0:17
T0189,BDC,1/14/2026 2:35,1/14/2026 2:37
T0190,BDC,1/14/2026 0:15,1/14/2026 0:17
T0191,BDC,1/14/2026 2:05,1/14/2026 2:07
T0192,BDC,1/14/2026 0:20,1/14/2026 0:22
T0193,BDC,1/14/2026 1:30,1/14/2026 1:32
T0194,BDC,1/14/2026 0:15,1/14/2026 0:17
T0195,BDC,1/14/2026 0:40,1/14/2026 0:42
T0196,HWH,1/14/2026 0:05,1/14/2026 0:07
T0196,BDC,1/14/2026 0:10,1/14/2026 0:12
T0197,BDC,1/14/2026 1:10,1/14/2026 1:12
T0197,HWH,1/14/2026 1:15,1/14/2026 1:17
T0198,BDC,1/14/2026 0:15,1/14/2026 0:17
T0199,BDC,1/14/2026 1:25,1/14/2026 1:27
T0200,BDC,1/14/2026 0:15,1/14/2026 0:17
T0201,BDC,1/14/2026 2:05,1/14/2026 2:07
T0202,BDC,1/14/2026 0:15,1/14/2026 0:17
T0203,BDC,1/14/2026 1:45,1/14/2026 1:47
T0204,HWH,1/14/2026 2:00,1/14/2026 2:02
T0205,HWH,1/14/2026 1:05,1/14/2026 1:07
T0206,HWH,1/14/2026 0:05,1/14/2026 0:07
T0207,HWH,1/14/2026 0:55,1/14/2026 0:57
T0208,HWH,1/14/2026 0:05,1/14/2026 0:07
T0209,HWH,1/14/2026 1:00,1/14/2026 1:02
T0210,HWH,1/14/2026 0:40,1/14/2026 0:42
T0210,BDC,1/14/2026 0:45,1/14/2026 0:47
T0211,BDC,1/14/2026 1:30,1/14/2026 1:32
T0211,HWH,1/14/2026 1:35,1/14/2026 1:37
T0212,HWH,1/14/2026 0:05,1/14/2026 0:07
T0212,BDC,1/14/2026 0:10,1/14/2026 0:12
T0213,BDC,1/14/2026 0:50,1/14/2026 0:52
T0213,HWH,1/14/2026 0:55,1/14/2026 0:57
T0214,HWH,1/14/2026 0:40,1/14/2026 0:42
T0214,BDC,1/14/2026 0:45,1/14/2026 0:47
T0215,BDC,1/14/2026 0:50,1/14/2026 0:52
T0215,HWH,1/14/2026 0:55,1/14/2026 0:57
T0216,HWH,1/14/2026 0:05,1/14/2026 0:07
T0216,BDC,1/14/2026 0:10,1/14/2026 0:12
T0217,BDC,1/14/2026 4:35,1/14/2026 4:37
T0217,HWH,1/14/2026 4:40,1/14/2026 4:42
T0218,HWH,1/14/2026 0:05,1/14/2026 0:07
T0219,HWH,1/14/2026 3:50,1/14/2026 3:52
T0220,HWH,1/14/2026 0:05,1/14/2026 0:07
T0221,HWH,1/14/2026 3:45,1/14/2026 3:47
T0222,HWH,1/14/2026 0:05,1/14/2026 0:07
T0223,HWH,1/14/2026 1:45,1/14/2026 1:47
T0224,HWH,1/14/2026 0:05,1/14/2026 0:07
T0225,HWH,1/14/2026 1:25,1/14/2026 1:27
T0226,HWH,1/14/2026 0:05,1/14/2026 0:07
T0227,HWH,1/14/2026 5:05,1/14/2026 5:07
T0228,BDC,1/14/2026 0:15,1/14/2026 0:17
T0229,BDC,1/14/2026 2:20,1/14/2026 2:22
T0230,HWH,1/14/2026 0:05,1/14/2026 0:07
T0231,HWH,1/14/2026 0:40,1/14/2026 0:42
T0232,HWH,1/14/2026 0:05,1/14/2026 0:07
T0233,HWH,1/14/2026 0:40,1/14/2026 0:42
T0234,HWH,1/14/2026 0:05,1/14/2026 0:07
T0234,BDC,1/14/2026 0:10,1/14/2026 0:12
T0235,BDC,1/14/2026 0:45,1/14/2026 0:47
T0235,HWH,1/14/2026 0:50,1/14/2026 0:52
T0236,HWH,1/14/2026 0:05,1/14/2026 0:07
T0236,BDC,1/14/2026 0:15,1/14/2026 0:17
T0237,BDC,1/14/2026 1:10,1/14/2026 1:12
T0237,HWH,1/14/2026 1:20,1/14/2026 1:22
T0238,HWH,1/14/2026 1:45,1/14/2026 1:47
T0239,HWH,1/14/2026 1:45,1/14/2026 1:47
T0240,HWH,1/14/2026 1:20,1/14/2026 1:22
T0241,HWH,1/14/2026 1:00,1/14/2026 1:02
T0242,HWH,1/14/2026 0:05,1/14/2026 0:07
T0243,HWH,1/14/2026 0:55,1/14/2026 0:57
T0244,HWH,1/14/2026 0:05,1/14/2026 0:07
T0245,HWH,1/14/2026 1:55,1/14/2026 1:57
T0246,HWH,1/14/2026 0:05,1/14/2026 0:07
T0247,HWH,1/14/2026 1:35,1/14/2026 1:37
T0248,HWH,1/14/2026 0:05,1/14/2026 0:07
T0249,HWH,1/14/2026 1:00,1/14/2026 1:02
T0250,HWH,1/14/2026 0:05,1/14/2026 0:07
T0251,HWH,1/14/2026 2:00,1/14/2026 2:02
T0252,HWH,1/14/2026 0:05,1/14/2026 0:07
T0253,HWH,1/14/2026 1:40,1/14/2026 1:42
T0254,HWH,1/14/2026 0:05,1/14/2026 0:07
T0255,HWH,1/14/2026 1:15,1/14/2026 1:17
T0256,HWH,1/14/2026 1:20,1/14/2026 1:22
T0257,HWH,1/14/2026 0:05,1/14/2026 0:07
T0258,HWH,1/14/2026 0:05,1/14/2026 0:07
T0259,HWH,1/14/2026 0:45,1/14/2026 0:47
T0260,HWH,1/14/2026 2:50,1/14/2026 2:52
T0261,HWH,1/14/2026 0:05,1/14/2026 0:07
T0262,HWH,1/14/2026 3:05,1/14/2026 3:07
T0263,BDC,1/14/2026 1:05,1/14/2026 1:07
T0264,BDC,1/14/2026 2:20,1/14/2026 2:22
T0265,BDC,1/14/2026 1:30,1/14/2026 1:32
T0266,BDC,1/14/2026 1:30,1/14/2026 1:32
T0267,HWH,1/14/2026 0:05,1/14/2026 0:07
T0268,HWH,1/14/2026 0:45,1/14/2026 0:47
T0269,HWH,1/14/2026 0:05,1/14/2026 0:07
T0270,HWH,1/14/2026 1:10,1/14/2026 1:12
T0271,HWH,1/14/2026 0:05,1/14/2026 0:07
T0272,HWH,1/14/2026 1:10,1/14/2026 1:12
T0273,HWH,1/14/2026 0:05,1/14/2026 0:07
T0274,HWH,1/14/2026 1:10,1/14/2026 1:12
T0275,HWH,1/14/2026 0:05,1/14/2026 0:07
T0276,HWH,1/14/2026 1:10,1/14/2026 1:12
T0277,HWH,1/14/2026 0:05,1/14/2026 0:07
T0278,HWH,1/14/2026 1:30,1/14/2026 1:32
T0279,HWH,1/14/2026 0:05,1/14/2026 0:07
T0280,HWH,1/14/2026 2:00,1/14/2026 2:02
T0281,HWH,1/14/2026 0:05,1/14/2026 0:07
T0282,HWH,1/14/2026 2:00,1/14/2026 2:02
T0283,HWH,1/14/2026 0:05,1/14/2026 0:07
T0284,HWH,1/14/2026 2:00,1/14/2026 2:02
T0285,HWH,1/14/2026 0:05,1/14/2026 0:07
T0286,HWH,1/14/2026 1:50,1/14/2026 1:52
T0287,HWH,1/14/2026 0:05,1/14/2026 0:07
T0288,HWH,1/14/2026 2:05,1/14/2026 2:07
T0289,HWH,1/14/2026 0:05,1/14/2026 0:07
T0290,HWH,1/14/2026 2:25,1/14/2026 2:27
T0291,HWH,1/14/2026 0:05,1/14/2026 0:07
T0292,HWH,1/14/2026 2:20,1/14/2026 2:22
T0293,HWH,1/14/2026 0:05,1/14/2026 0:07
T0294,HWH,1/14/2026 2:15,1/14/2026 2:17
T0295,HWH,1/14/2026 0:05,1/14/2026 0:07
T0296,HWH,1/14/2026 2:25,1/14/2026 2:27
T0297,HWH,1/14/2026 0:05,1/14/2026 0:07
T0298,HWH,1/14/2026 2:25,1/14/2026 2:27
T0299,HWH,1/14/2026 0:05,1/14/2026 0:07
T0300,HWH,1/14/2026 2:20,1/14/2026 2:22
T0301,HWH,1/14/2026 0:05,1/14/2026 0:07
T0302,HWH,1/14/2026 2:25,1/14/2026 2:27
T0303,HWH,1/14/2026 0:05,1/14/2026 0:07
T0304,HWH,1/14/2026 2:25,1/14/2026 2:27
T0305,HWH,1/14/2026 0:05,1/14/2026 0:07
T0306,HWH,1/14/2026 0:10,1/14/2026 0:12
T0307,HWH,1/14/2026 0:05,1/14/2026 0:07
T0308,HWH,1/14/2026 2:25,1/14/2026 2:27
T0309,HWH,1/14/2026 0:05,1/14/2026 0:07
T0310,HWH,1/14/2026 2:20,1/14/2026 2:22
T0311,HWH,1/14/2026 0:05,1/14/2026 0:07
T0312,HWH,1/14/2026 2:25,1/14/2026 2:27
T0313,HWH,1/14/2026 0:05,1/14/2026 0:07
T0314,HWH,1/14/2026 2:25,1/14/2026 2:27
T0315,HWH,1/14/2026 0:05,1/14/2026 0:07
T0316,HWH,1/14/2026 2:25,1/14/2026 2:27
T0317,HWH,1/14/2026 0:05,1/14/2026 0:07
T0318,HWH,1/14/2026 2:20,1/14/2026 2:22
T0319,HWH,1/14/2026 0:05,1/14/2026 0:07
T0320,HWH,1/14/2026 2:30,1/14/2026 2:32
T0321,HWH,1/14/2026 0:05,1/14/2026 0:07
T0322,HWH,1/14/2026 2:30,1/14/2026 2:32
T0323,HWH,1/14/2026 0:05,1/14/2026 0:07
T0324,HWH,1/14/2026 2:25,1/14/2026 2:27
T0325,HWH,1/14/2026 0:05,1/14/2026 0:07
T0326,HWH,1/14/2026 2:25,1/14/2026 2:27
T0327,HWH,1/14/2026 0:05,1/14/2026 0:07
T0328,HWH,1/14/2026 2:25,1/14/2026 2:27
T0329,HWH,1/14/2026 0:05,1/14/2026 0:07
T0330,HWH,1/14/2026 2:25,1/14/2026 2:27
T0331,HWH,1/14/2026 0:05,1/14/2026 0:07
T0332,HWH,1/14/2026 2:25,1/14/2026 2:27
T0333,HWH,1/14/2026 2:25,1/14/2026 2:27
T0334,HWH,1/14/2026 2:30,1/14/2026 2:32
T0335,HWH,1/14/2026 0:05,1/14/2026 0:07
T0335,BLY,1/14/2026 0:20,1/14/2026 0:22
T0335,SRP,1/14/2026 0:45,1/14/2026 0:47
T0336,SRP,1/14/2026 0:05,1/14/2026 0:07
T0336,BLY,1/14/2026 0:30,1/14/2026 0:32
T0336,HWH,1/14/2026 0:45,1/14/2026 0:47
T0337,HWH,1/14/2026 0:05,1/14/2026 0:07
T0337,BLY,1/14/2026 0:20,1/14/2026 0:22
T0337,SRP,1/14/2026 0:45,1/14/2026 0:47
T0338,SRP,1/14/2026 0:05,1/14/2026 0:07
T0338,BLY,1/14/2026 0:30,1/14/2026 0:32
T0338,HWH,1/14/2026 0:45,1/14/2026 0:47
T0339,HWH,1/14/2026 0:05,1/14/2026 0:07
T0339,BLY,1/14/2026 0:20,1/14/2026 0:22
T0339,SRP,1/14/2026 0:45,1/14/2026 0:47
T0340,SRP,1/14/2026 0:05,1/14/2026 0:07
T0340,BLY,1/14/2026 0:30,1/14/2026 0:32
T0340,HWH,1/14/2026 0:45,1/14/2026 0:47
T0341,HWH,1/14/2026 0:05,1/14/2026 0:07
T0341,BLY,1/14/2026 0:20,1/14/2026 0:22
T0341,SRP,1/14/2026 0:45,1/14/2026 0:47
T0342,SRP,1/14/2026 0:05,1/14/2026 0:07
T0342,BLY,1/14/2026 0:30,1/14/2026 0:32
T0342,HWH,1/14/2026 0:45,1/14/2026 0:47
T0343,HWH,1/14/2026 0:05,1/14/2026 0:07
T0343,BLY,1/14/2026 0:20,1/14/2026 0:22
T0343,SRP,1/14/2026 0:45,1/14/2026 0:47
T0344,SRP,1/14/2026 0:05,1/14/2026 0:07
T0344,BLY,1/14/2026 0:30,1/14/2026 0:32
T0344,HWH,1/14/2026 0:45,1/14/2026 0:47
T0345,HWH,1/14/2026 0:05,1/14/2026 0:07
T0345,BLY,1/14/2026 0:20,1/14/2026 0:22
T0345,SRP,1/14/2026 0:45,1/14/2026 0:47
T0346,SRP,1/14/2026 0:10,1/14/2026 0:12
T0346,BLY,1/14/2026 0:35,1/14/2026 0:37
T0346,HWH,1/14/2026 0:50,1/14/2026 0:52
T0347,HWH,1/14/2026 0:05,1/14/2026 0:07
T0347,BLY,1/14/2026 0:20,1/14/2026 0:22
T0347,SRP,1/14/2026 0:45,1/14/2026 0:47
T0348,SRP,1/14/2026 0:10,1/14/2026 0:12
T0348,BLY,1/14/2026 0:35,1/14/2026 0:37
T0348,HWH,1/14/2026 0:50,1/14/2026 0:52
T0349,HWH,1/14/2026 0:05,1/14/2026 0:07
T0349,BLY,1/14/2026 0:20,1/14/2026 0:22
T0349,SRP,1/14/2026 0:45,1/14/2026 0:47
T0350,SRP,1/14/2026 0:10,1/14/2026 0:12
T0350,BLY,1/14/2026 0:35,1/14/2026 0:37
T0350,HWH,1/14/2026 0:50,1/14/2026 0:52
T0351,HWH,1/14/2026 0:05,1/14/2026 0:07
T0351,BLY,1/14/2026 0:20,1/14/2026 0:22
T0351,SRP,1/14/2026 0:45,1/14/2026 0:47
T0352,SRP,1/14/2026 0:10,1/14/2026 0:12
T0352,BLY,1/14/2026 0:35,1/14/2026 0:37
T0352,HWH,1/14/2026 0:50,1/14/2026 0:52
T0353,HWH,1/14/2026 0:05,1/14/2026 0:07
T0353,BLY,1/14/2026 0:20,1/14/2026 0:22
T0353,SRP,1/14/2026 0:45,1/14/2026 0:47
T0354,SRP,1/14/2026 0:10,1/14/2026 0:12
T0354,BLY,1/14/2026 0:35,1/14/2026 0:37
T0354,HWH,1/14/2026 0:50,1/14/2026 0:52
T0355,HWH,1/14/2026 0:05,1/14/2026 0:07
T0355,BLY,1/14/2026 0:20,1/14/2026 0:22
T0355,SRP,1/14/2026 0:45,1/14/2026 0:47
T0356,SRP,1/14/2026 0:10,1/14/2026 0:12
T0356,BLY,1/14/2026 0:35,1/14/2026 0:37
T0356,HWH,1/14/2026 0:50,1/14/2026 0:52
T0357,HWH,1/14/2026 0:05,1/14/2026 0:07
T0357,BLY,1/14/2026 0:20,1/14/2026 0:22
T0357,SRP,1/14/2026 0:45,1/14/2026 0:47
T0358,SRP,1/14/2026 0:10,1/14/2026 0:12
T0358,BLY,1/14/2026 0:35,1/14/2026 0:37
T0358,HWH,1/14/2026 0:50,1/14/2026 0:52
T0359,HWH,1/14/2026 0:05,1/14/2026 0:07
T0359,BLY,1/14/2026 0:20,1/14/2026 0:22
T0359,SRP,1/14/2026 0:45,1/14/2026 0:47
T0360,SRP,1/14/2026 0:10,1/14/2026 0:12
T0360,BLY,1/14/2026 0:35,1/14/2026 0:37
T0360,HWH,1/14/2026 0:50,1/14/2026 0:52
T0361,SRP,1/14/2026 0:10,1/14/2026 0:12
T0361,BLY,1/14/2026 0:35,1/14/2026 0:37
T0361,HWH,1/14/2026 0:50,1/14/2026 0:52
T0362,HWH,1/14/2026 0:05,1/14/2026 0:07
T0362,BLY,1/14/2026 0:20,1/14/2026 0:22
T0362,SRP,1/14/2026 0:45,1/14/2026 0:47
T0363,SRP,1/14/2026 0:10,1/14/2026 0:12
T0363,BLY,1/14/2026 0:35,1/14/2026 0:37
T0363,HWH,1/14/2026 0:50,1/14/2026 0:52
T0364,HWH,1/14/2026 0:05,1/14/2026 0:07
T0364,BLY,1/14/2026 0:20,1/14/2026 0:22
T0364,SRP,1/14/2026 0:45,1/14/2026 0:47
T0365,SRP,1/14/2026 0:10,1/14/2026 0:12
T0365,BLY,1/14/2026 0:35,1/14/2026 0:37
T0365,HWH,1/14/2026 0:50,1/14/2026 0:52
T0366,HWH,1/14/2026 0:05,1/14/2026 0:07
T0366,BLY,1/14/2026 0:20,1/14/2026 0:22
T0366,SRP,1/14/2026 0:45,1/14/2026 0:47
T0367,SRP,1/14/2026 0:10,1/14/2026 0:12
T0367,BLY,1/14/2026 0:35,1/14/2026 0:37
T0367,HWH,1/14/2026 0:50,1/14/2026 0:52
T0368,HWH,1/14/2026 0:05,1/14/2026 0:07
T0368,BLY,1/14/2026 0:20,1/14/2026 0:22
T0368,SRP,1/14/2026 0:45,1/14/2026 0:47
T0369,SRP,1/14/2026 0:10,1/14/2026 0:12
T0369,BLY,1/14/2026 0:35,1/14/2026 0:37
T0369,HWH,1/14/2026 0:50,1/14/2026 0:52
T0370,HWH,1/14/2026 0:05,1/14/2026 0:07
T0371,HWH,1/14/2026 0:15,1/14/2026 0:17
T0372,HWH,1/14/2026 0:05,1/14/2026 0:07
T0373,HWH,1/14/2026 0:15,1/14/2026 0:17
T0374,HWH,1/14/2026 0:05,1/14/2026 0:07
T0375,HWH,1/14/2026 0:15,1/14/2026 0:17
T0376,HWH,1/14/2026 0:05,1/14/2026 0:07
T0377,HWH,1/14/2026 0:15,1/14/2026 0:17
T0378,HWH,1/14/2026 0:05,1/14/2026 0:07
T0379,HWH,1/14/2026 0:15,1/14/2026 0:17
T0380,HWH,1/14/2026 0:05,1/14/2026 0:07
T0381,HWH,1/14/2026 0:15,1/14/2026 0:17
T0382,HWH,1/14/2026 0:05,1/14/2026 0:07
T0382,BLY,1/14/2026 0:20,1/14/2026 0:22
T0382,SRP,1/14/2026 0:45,1/14/2026 0:47
T0382,CGR,1/14/2026 1:10,1/14/2026 1:12
T0382,CNS,1/14/2026 1:15,1/14/2026 1:17
T0382,BDC,1/14/2026 1:25,1/14/2026 1:27
T0383,BDC,1/14/2026 0:05,1/14/2026 0:07
T0383,CNS,1/14/2026 0:15,1/14/2026 0:17
T0383,CGR,1/14/2026 0:20,1/14/2026 0:22
T0383,SRP,1/14/2026 0:45,1/14/2026 0:47
T0383,BLY,1/14/2026 1:10,1/14/2026 1:12
T0383,HWH,1/14/2026 1:25,1/14/2026 1:27
T0384,HWH,1/14/2026 0:05,1/14/2026 0:07
T0384,BLY,1/14/2026 0:20,1/14/2026 0:22
T0384,SRP,1/14/2026 0:45,1/14/2026 0:47
T0384,CGR,1/14/2026 1:10,1/14/2026 1:12
T0384,CNS,1/14/2026 1:15,1/14/2026 1:17
T0384,BDC,1/14/2026 1:25,1/14/2026 1:27
T0385,BDC,1/14/2026 0:05,1/14/2026 0:07
T0385,CNS,1/14/2026 0:15,1/14/2026 0:17
T0385,CGR,1/14/2026 0:20,1/14/2026 0:22
T0385,SRP,1/14/2026 0:45,1/14/2026 0:47
T0385,BLY,1/14/2026 1:10,1/14/2026 1:12
T0385,HWH,1/14/2026 1:25,1/14/2026 1:27
T0386,HWH,1/14/2026 0:05,1/14/2026 0:07
T0386,BLY,1/14/2026 0:20,1/14/2026 0:22
T0386,SRP,1/14/2026 0:45,1/14/2026 0:47
T0386,CGR,1/14/2026 1:10,1/14/2026 1:12
T0386,CNS,1/14/2026 1:15,1/14/2026 1:17
T0386,BDC,1/14/2026 1:25,1/14/2026 1:27
T0387,BDC,1/14/2026 0:05,1/14/2026 0:07
T0387,CNS,1/14/2026 0:15,1/14/2026 0:17
T0387,CGR,1/14/2026 0:20,1/14/2026 0:22
T0387,SRP,1/14/2026 0:45,1/14/2026 0:47
T0387,BLY,1/14/2026 1:10,1/14/2026 1:12
T0387,HWH,1/14/2026 1:25,1/14/2026 1:27
T0388,HWH,1/14/2026 0:05,1/14/2026 0:07
T0388,BLY,1/14/2026 0:20,1/14/2026 0:22
T0388,SRP,1/14/2026 0:45,1/14/2026 0:47
T0388,CGR,1/14/2026 1:10,1/14/2026 1:12
T0388,CNS,1/14/2026 1:15,1/14/2026 1:17
T0388,BDC,1/14/2026 1:25,1/14/2026 1:27
T0389,BDC,1/14/2026 0:05,1/14/2026 0:07
T0389,CNS,1/14/2026 0:15,1/14/2026 0:17
T0389,CGR,1/14/2026 0:20,1/14/2026 0:22
T0389,SRP,1/14/2026 0:45,1/14/2026 0:47
T0389,BLY,1/14/2026 1:10,1/14/2026 1:12
T0389,HWH,1/14/2026 1:25,1/14/2026 1:27
T0390,HWH,1/14/2026 0:05,1/14/2026 0:07
T0390,BLY,1/14/2026 0:20,1/14/2026 0:22
T0390,SRP,1/14/2026 0:45,1/14/2026 0:47
T0390,CGR,1/14/2026 1:10,1/14/2026 1:12
T0390,CNS,1/14/2026 1:15,1/14/2026 1:17
T0390,BDC,1/14/2026 1:25,1/14/2026 1:27
T0391,BDC,1/14/2026 0:05,1/14/2026 0:07
T0391,CNS,1/14/2026 0:15,1/14/2026 0:17
T0391,CGR,1/14/2026 0:20,1/14/2026 0:22
T0391,SRP,1/14/2026 0:45,1/14/2026 0:47
T0391,BLY,1/14/2026 1:10,1/14/2026 1:12
T0391,HWH,1/14/2026 1:25,1/14/2026 1:27
T0392,HWH,1/14/2026 0:05,1/14/2026 0:07
T0392,BLY,1/14/2026 0:20,1/14/2026 0:22
T0392,SRP,1/14/2026 0:45,1/14/2026 0:47
T0392,CGR,1/14/2026 1:10,1/14/2026 1:12
T0392,CNS,1/14/2026 1:15,1/14/2026 1:17
T0392,BDC,1/14/2026 1:25,1/14/2026 1:27
T0393,BDC,1/14/2026 0:05,1/14/2026 0:07
T0393,CNS,1/14/2026 0:15,1/14/2026 0:17
T0393,CGR,1/14/2026 0:20,1/14/2026 0:22
T0393,SRP,1/14/2026 0:45,1/14/2026 0:47
T0393,BLY,1/14/2026 1:10,1/14/2026 1:12
T0393,HWH,1/14/2026 1:25,1/14/2026 1:27
T0394,HWH,1/14/2026 0:05,1/14/2026 0:07
T0394,BLY,1/14/2026 0:20,1/14/2026 0:22
T0394,SRP,1/14/2026 0:45,1/14/2026 0:47
T0394,CGR,1/14/2026 1:10,1/14/2026 1:12
T0394,CNS,1/14/2026 1:15,1/14/2026 1:17
T0394,BDC,1/14/2026 1:25,1/14/2026 1:27
T0395,BDC,1/14/2026 0:05,1/14/2026 0:07
T0395,CNS,1/14/2026 0:15,1/14/2026 0:17
T0395,CGR,1/14/2026 0:20,1/14/2026 0:22
T0395,SRP,1/14/2026 0:45,1/14/2026 0:47
T0395,BLY,1/14/2026 1:10,1/14/2026 1:12
T0395,HWH,1/14/2026 1:25,1/14/2026 1:27
T0396,HWH,1/14/2026 0:05,1/14/2026 0:07
T0396,BLY,1/14/2026 0:20,1/14/2026 0:22
T0396,SRP,1/14/2026 0:45,1/14/2026 0:47
T0396,CGR,1/14/2026 1:10,1/14/2026 1:12
T0396,CNS,1/14/2026 1:15,1/14/2026 1:17
T0396,BDC,1/14/2026 1:25,1/14/2026 1:27
T0397,BDC,1/14/2026 0:05,1/14/2026 0:07
T0397,CNS,1/14/2026 0:15,1/14/2026 0:17
T0397,CGR,1/14/2026 0:20,1/14/2026 0:22
T0397,SRP,1/14/2026 0:45,1/14/2026 0:47
T0397,BLY,1/14/2026 1:10,1/14/2026 1:12
T0397,HWH,1/14/2026 1:25,1/14/2026 1:27
T0398,HWH,1/14/2026 0:05,1/14/2026 0:07
T0398,BLY,1/14/2026 0:20,1/14/2026 0:22
T0398,SRP,1/14/2026 0:45,1/14/2026 0:47
T0398,CGR,1/14/2026 1:10,1/14/2026 1:12
T0398,CNS,1/14/2026 1:15,1/14/2026 1:17
T0398,BDC,1/14/2026 1:25,1/14/2026 1:27
T0399,BDC,1/14/2026 0:05,1/14/2026 0:07
T0399,CNS,1/14/2026 0:15,1/14/2026 0:17
T0399,CGR,1/14/2026 0:20,1/14/2026 0:22
T0399,SRP,1/14/2026 0:45,1/14/2026 0:47
T0399,BLY,1/14/2026 1:10,1/14/2026 1:12
T0399,HWH,1/14/2026 1:25,1/14/2026 1:27
T0400,HWH,1/14/2026 0:05,1/14/2026 0:07
T0400,BLY,1/14/2026 0:20,1/14/2026 0:22
T0400,SRP,1/14/2026 0:45,1/14/2026 0:47
T0400,CGR,1/14/2026 1:10,1/14/2026 1:12
T0400,CNS,1/14/2026 1:15,1/14/2026 1:17
T0400,BDC,1/14/2026 1:25,1/14/2026 1:27
T0401,BDC,1/14/2026 0:05,1/14/2026 0:07
T0401,CNS,1/14/2026 0:15,1/14/2026 0:17
T0401,CGR,1/14/2026 0:20,1/14/2026 0:22
T0401,SRP,1/14/2026 0:45,1/14/2026 0:47
T0401,BLY,1/14/2026 1:10,1/14/2026 1:12
T0401,HWH,1/14/2026 1:25,1/14/2026 1:27
T0402,HWH,1/14/2026 0:05,1/14/2026 0:07
T0402,BLY,1/14/2026 0:20,1/14/2026 0:22
T0402,SRP,1/14/2026 0:45,1/14/2026 0:47
T0402,CGR,1/14/2026 1:10,1/14/2026 1:12
T0402,CNS,1/14/2026 1:15,1/14/2026 1:17
T0402,BDC,1/14/2026 1:25,1/14/2026 1:27
T0403,BDC,1/14/2026 0:05,1/14/2026 0:07
T0403,CNS,1/14/2026 0:15,1/14/2026 0:17
T0403,CGR,1/14/2026 0:20,1/14/2026 0:22
T0403,SRP,1/14/2026 0:45,1/14/2026 0:47
T0403,BLY,1/14/2026 1:10,1/14/2026 1:12
T0403,HWH,1/14/2026 1:25,1/14/2026 1:27
T0404,HWH,1/14/2026 0:05,1/14/2026 0:07
T0404,BLY,1/14/2026 0:20,1/14/2026 0:22
T0404,SRP,1/14/2026 0:45,1/14/2026 0:47
T0404,CGR,1/14/2026 1:10,1/14/2026 1:12
T0404,CNS,1/14/2026 1:15,1/14/2026 1:17
T0404,BDC,1/14/2026 1:25,1/14/2026 1:27
T0405,BDC,1/14/2026 0:05,1/14/2026 0:07
T0405,CNS,1/14/2026 0:15,1/14/2026 0:17
T0405,CGR,1/14/2026 0:20,1/14/2026 0:22
T0405,SRP,1/14/2026 0:45,1/14/2026 0:47
T0405,BLY,1/14/2026 1:10,1/14/2026 1:12
T0405,HWH,1/14/2026 1:25,1/14/2026 1:27
T0406,HWH,1/14/2026 0:05,1/14/2026 0:07
T0406,BLY,1/14/2026 0:20,1/14/2026 0:22
T0406,SRP,1/14/2026 0:45,1/14/2026 0:47
T0406,CGR,1/14/2026 1:10,1/14/2026 1:12
T0406,CNS,1/14/2026 1:15,1/14/2026 1:17
T0406,BDC,1/14/2026 1:25,1/14/2026 1:27
T0407,BDC,1/14/2026 0:05,1/14/2026 0:07
T0407,CNS,1/14/2026 0:15,1/14/2026 0:17
T0407,CGR,1/14/2026 0:20,1/14/2026 0:22
T0407,SRP,1/14/2026 0:45,1/14/2026 0:47
T0407,BLY,1/14/2026 1:10,1/14/2026 1:12
T0407,HWH,1/14/2026 1:25,1/14/2026 1:27
T0408,HWH,1/14/2026 0:05,1/14/2026 0:07
T0408,BLY,1/14/2026 0:20,1/14/2026 0:22
T0408,SRP,1/14/2026 0:45,1/14/2026 0:47
T0408,CGR,1/14/2026 1:10,1/14/2026 1:12
T0408,CNS,1/14/2026 1:15,1/14/2026 1:17
T0408,BDC,1/14/2026 1:25,1/14/2026 1:27
T0409,BDC,1/14/2026 0:05,1/14/2026 0:07
T0409,CNS,1/14/2026 0:15,1/14/2026 0:17
T0409,CGR,1/14/2026 0:20,1/14/2026 0:22
T0409,SRP,1/14/2026 0:45,1/14/2026 0:47
T0409,BLY,1/14/2026 1:10,1/14/2026 1:12
T0409,HWH,1/14/2026 1:25,1/14/2026 1:27
T0410,HWH,1/14/2026 0:05,1/14/2026 0:07
T0410,BLY,1/14/2026 0:20,1/14/2026 0:22
T0410,SRP,1/14/2026 0:45,1/14/2026 0:47
T0410,CGR,1/14/2026 1:10,1/14/2026 1:12
T0410,CNS,1/14/2026 1:15,1/14/2026 1:17
T0410,BDC,1/14/2026 1:25,1/14/2026 1:27
T0411,BDC,1/14/2026 0:05,1/14/2026 0:07
T0411,CNS,1/14/2026 0:15,1/14/2026 0:17
T0411,CGR,1/14/2026 0:20,1/14/2026 0:22
T0411,SRP,1/14/2026 0:45,1/14/2026 0:47
T0411,BLY,1/14/2026 1:10,1/14/2026 1:12
T0411,HWH,1/14/2026 1:25,1/14/2026 1:27
T0412,HWH,1/14/2026 0:05,1/14/2026 0:07
T0412,BLY,1/14/2026 0:20,1/14/2026 0:22
T0412,SRP,1/14/2026 0:45,1/14/2026 0:47
T0412,CGR,1/14/2026 1:10,1/14/2026 1:12
T0412,CNS,1/14/2026 1:15,1/14/2026 1:17
T0412,BDC,1/14/2026 1:25,1/14/2026 1:27
T0413,BDC,1/14/2026 0:05,1/14/2026 0:07
T0413,CNS,1/14/2026 0:15,1/14/2026 0:17
T0413,CGR,1/14/2026 0:20,1/14/2026 0:22
T0413,SRP,1/14/2026 0:45,1/14/2026 0:47
T0413,BLY,1/14/2026 1:10,1/14/2026 1:12
T0413,HWH,1/14/2026 1:25,1/14/2026 1:27
T0414,HWH,1/14/2026 0:05,1/14/2026 0:07
T0414,BLY,1/14/2026 0:20,1/14/2026 0:22
T0414,SRP,1/14/2026 0:45,1/14/2026 0:47
T0414,CGR,1/14/2026 1:10,1/14/2026 1:12
T0414,CNS,1/14/2026 1:15,1/14/2026 1:17
T0414,BDC,1/14/2026 1:25,1/14/2026 1:27
T0415,BDC,1/14/2026 0:05,1/14/2026 0:07
T0415,CNS,1/14/2026 0:15,1/14/2026 0:17
T0415,CGR,1/14/2026 0:20,1/14/2026 0:22
T0415,SRP,1/14/2026 0:45,1/14/2026 0:47
T0415,BLY,1/14/2026 1:10,1/14/2026 1:12
T0415,HWH,1/14/2026 1:25,1/14/2026 1:27
T0416,HWH,1/14/2026 0:05,1/14/2026 0:07
T0416,BLY,1/14/2026 0:20,1/14/2026 0:22
T0416,SRP,1/14/2026 0:45,1/14/2026 0:47
T0416,CGR,1/14/2026 1:10,1/14/2026 1:12
T0416,CNS,1/14/2026 1:15,1/14/2026 1:17
T0416,BDC,1/14/2026 1:25,1/14/2026 1:27
T0417,BDC,1/14/2026 0:05,1/14/2026 0:07
T0417,CNS,1/14/2026 0:15,1/14/2026 0:17
T0417,CGR,1/14/2026 0:20,1/14/2026 0:22
T0417,SRP,1/14/2026 0:45,1/14/2026 0:47
T0417,BLY,1/14/2026 1:10,1/14/2026 1:12
T0417,HWH,1/14/2026 1:25,1/14/2026 1:27
T0418,HWH,1/14/2026 0:05,1/14/2026 0:07
T0418,BLY,1/14/2026 0:20,1/14/2026 0:22
T0418,SRP,1/14/2026 0:45,1/14/2026 0:47
T0418,CGR,1/14/2026 1:10,1/14/2026 1:12
T0418,CNS,1/14/2026 1:15,1/14/2026 1:17
T0418,BDC,1/14/2026 1:25,1/14/2026 1:27
T0419,BDC,1/14/2026 0:05,1/14/2026 0:07
T0419,CNS,1/14/2026 0:15,1/14/2026 0:17
T0419,CGR,1/14/2026 0:20,1/14/2026 0:22
T0419,SRP,1/14/2026 0:45,1/14/2026 0:47
T0419,BLY,1/14/2026 1:10,1/14/2026 1:12
T0419,HWH,1/14/2026 1:25,1/14/2026 1:27
T0420,HWH,1/14/2026 0:05,1/14/2026 0:07
T0420,BLY,1/14/2026 0:20,1/14/2026 0:22
T0420,SRP,1/14/2026 0:45,1/14/2026 0:47
T0420,CGR,1/14/2026 1:10,1/14/2026 1:12
T0420,CNS,1/14/2026 1:15,1/14/2026 1:17
T0420,BDC,1/14/2026 1:25,1/14/2026 1:27
T0421,BDC,1/14/2026 0:05,1/14/2026 0:07
T0421,CNS,1/14/2026 0:15,1/14/2026 0:17
T0421,CGR,1/14/2026 0:20,1/14/2026 0:22
T0421,SRP,1/14/2026 0:45,1/14/2026 0:47
T0421,BLY,1/14/2026 1:10,1/14/2026 1:12
T0421,HWH,1/14/2026 1:25,1/14/2026 1:27
T0422,HWH,1/14/2026 0:05,1/14/2026 0:07
T0422,BLY,1/14/2026 0:20,1/14/2026 0:22
T0422,SRP,1/14/2026 0:45,1/14/2026 0:47
T0422,CGR,1/14/2026 1:10,1/14/2026 1:12
T0422,CNS,1/14/2026 1:15,1/14/2026 1:17
T0422,BDC,1/14/2026 1:25,1/14/2026 1:27
T0423,BDC,1/14/2026 0:05,1/14/2026 0:07
T0423,CNS,1/14/2026 0:15,1/14/2026 0:17
T0423,CGR,1/14/2026 0:20,1/14/2026 0:22
T0423,SRP,1/14/2026 0:45,1/14/2026 0:47
T0423,BLY,1/14/2026 1:10,1/14/2026 1:12
T0423,HWH,1/14/2026 1:25,1/14/2026 1:27
T0424,HWH,1/14/2026 0:05,1/14/2026 0:07
T0424,BLY,1/14/2026 0:20,1/14/2026 0:22
T0424,SRP,1/14/2026 0:45,1/14/2026 0:47
T0424,CGR,1/14/2026 1:10,1/14/2026 1:12
T0424,CNS,1/14/2026 1:15,1/14/2026 1:17
T0424,BDC,1/14/2026 1:25,1/14/2026 1:27
T0425,BDC,1/14/2026 0:05,1/14/2026 0:07
T0425,CNS,1/14/2026 0:15,1/14/2026 0:17
T0425,CGR,1/14/2026 0:20,1/14/2026 0:22
T0425,SRP,1/14/2026 0:45,1/14/2026 0:47
T0425,BLY,1/14/2026 1:10,1/14/2026 1:12
T0425,HWH,1/14/2026 1:25,1/14/2026 1:27
T0426,HWH,1/14/2026 0:05,1/14/2026 0:07
T0426,BLY,1/14/2026 0:20,1/14/2026 0:22
T0426,SRP,1/14/2026 0:45,1/14/2026 0:47
T0426,CGR,1/14/2026 1:10,1/14/2026 1:12
T0426,CNS,1/14/2026 1:15,1/14/2026 1:17
T0426,BDC,1/14/2026 1:25,1/14/2026 1:27
T0427,BDC,1/14/2026 0:05,1/14/2026 0:07
T0427,CNS,1/14/2026 0:15,1/14/2026 0:17
T0427,CGR,1/14/2026 0:20,1/14/2026 0:22
T0427,SRP,1/14/2026 0:45,1/14/2026 0:47
T0427,BLY,1/14/2026 1:10,1/14/2026 1:12
T0427,HWH,1/14/2026 1:25,1/14/2026 1:27
T0428,HWH,1/14/2026 0:05,1/14/2026 0:07
T0428,BLY,1/14/2026 0:20,1/14/2026 0:22
T0428,SRP,1/14/2026 0:45,1/14/2026 0:47
T0428,CGR,1/14/2026 1:10,1/14/2026 1:12
T0428,CNS,1/14/2026 1:15,1/14/2026 1:17
T0428,BDC,1/14/2026 1:25,1/14/2026 1:27
T0429,BDC,1/14/2026 0:05,1/14/2026 0:07
T0429,CNS,1/14/2026 0:15,1/14/2026 0:17
T0429,CGR,1/14/2026 0:20,1/14/2026 0:22
T0429,SRP,1/14/2026 0:45,1/14/2026 0:47
T0429,BLY,1/14/2026 1:10,1/14/2026 1:12
T0429,HWH,1/14/2026 1:25,1/14/2026 1:27
T0430,HWH,1/14/2026 0:05,1/14/2026 0:07
T0430,BLY,1/14/2026 0:20,1/14/2026 0:22
T0430,SRP,1/14/2026 0:45,1/14/2026 0:47
T0430,CGR,1/14/2026 1:10,1/14/2026 1:12
T0430,CNS,1/14/2026 1:15,1/14/2026 1:17
T0430,BDC,1/14/2026 1:25,1/14/2026 1:27
T0431,BDC,1/14/2026 0:05,1/14/2026 0:07
T0431,CNS,1/14/2026 0:15,1/14/2026 0:17
T0431,CGR,1/14/2026 0:20,1/14/2026 0:22
T0431,SRP,1/14/2026 0:45,1/14/2026 0:47
T0431,BLY,1/14/2026 1:10,1/14/2026 1:12
T0431,HWH,1/14/2026 1:25,1/14/2026 1:27
T0432,HWH,1/14/2026 0:05,1/14/2026 0:07
T0432,BLY,1/14/2026 0:20,1/14/2026 0:22
T0432,SRP,1/14/2026 0:45,1/14/2026 0:47
T0432,CGR,1/14/2026 1:10,1/14/2026 1:12
T0432,CNS,1/14/2026 1:15,1/14/2026 1:17
T0432,BDC,1/14/2026 1:25,1/14/2026 1:27
T0433,BDC,1/14/2026 0:05,1/14/2026 0:07
T0433,CNS,1/14/2026 0:15,1/14/2026 0:17
T0433,CGR,1/14/2026 0:20,1/14/2026 0:22
T0433,SRP,1/14/2026 0:45,1/14/2026 0:47
T0433,BLY,1/14/2026 1:10,1/14/2026 1:12
T0433,HWH,1/14/2026 1:25,1/14/2026 1:27
T0434,HWH,1/14/2026 0:05,1/14/2026 0:07
T0434,BLY,1/14/2026 0:20,1/14/2026 0:22
T0434,SRP,1/14/2026 0:45,1/14/2026 0:47
T0434,CGR,1/14/2026 1:10,1/14/2026 1:12
T0434,CNS,1/14/2026 1:15,1/14/2026 1:17
T0434,BDC,1/14/2026 1:25,1/14/2026 1:27
T0435,BDC,1/14/2026 0:05,1/14/2026 0:07
T0435,CNS,1/14/2026 0:15,1/14/2026 0:17
T0435,CGR,1/14/2026 0:20,1/14/2026 0:22
T0435,SRP,1/14/2026 0:45,1/14/2026 0:47
T0435,BLY,1/14/2026 1:10,1/14/2026 1:12
T0435,HWH,1/14/2026 1:25,1/14/2026 1:27
T0436,HWH,1/14/2026 0:05,1/14/2026 0:07
T0436,BLY,1/14/2026 0:20,1/14/2026 0:22
T0436,SRP,1/14/2026 0:45,1/14/2026 0:47
T0436,CGR,1/14/2026 1:10,1/14/2026 1:12
T0436,CNS,1/14/2026 1:15,1/14/2026 1:17
T0436,BDC,1/14/2026 1:25,1/14/2026 1:27
T0437,BDC,1/14/2026 0:05,1/14/2026 0:07
T0437,CNS,1/14/2026 0:15,1/14/2026 0:17
T0437,CGR,1/14/2026 0:20,1/14/2026 0:22
T0437,SRP,1/14/2026 0:45,1/14/2026 0:47
T0437,BLY,1/14/2026 1:10,1/14/2026 1:12
T0437,HWH,1/14/2026 1:25,1/14/2026 1:27
T0438,HWH,1/14/2026 0:05,1/14/2026 0:07
T0438,BLY,1/14/2026 0:20,1/14/2026 0:22
T0438,SRP,1/14/2026 0:45,1/14/2026 0:47
T0438,CGR,1/14/2026 1:10,1/14/2026 1:12
T0438,CNS,1/14/2026 1:15,1/14/2026 1:17
T0438,BDC,1/14/2026 1:25,1/14/2026 1:27
T0439,BDC,1/14/2026 0:05,1/14/2026 0:07
T0439,CNS,1/14/2026 0:15,1/14/2026 0:17
T0439,CGR,1/14/2026 0:20,1/14/2026 0:22
T0439,SRP,1/14/2026 0:45,1/14/2026 0:47
T0439,BLY,1/14/2026 1:10,1/14/2026 1:12
T0439,HWH,1/14/2026 1:25,1/14/2026 1:27
T0440,HWH,1/14/2026 0:05,1/14/2026 0:07
T0440,BLY,1/14/2026 0:20,1/14/2026 0:22
T0440,SRP,1/14/2026 0:45,1/14/2026 0:47
T0440,CGR,1/14/2026 1:10,1/14/2026 1:12
T0440,CNS,1/14/2026 1:15,1/14/2026 1:17
T0440,BDC,1/14/2026 1:25,1/14/2026 1:27
T0441,BDC,1/14/2026 0:05,1/14/2026 0:07
T0441,CNS,1/14/2026 0:15,1/14/2026 0:17
T0441,CGR,1/14/2026 0:20,1/14/2026 0:22
T0441,SRP,1/14/2026 0:45,1/14/2026 0:47
T0441,BLY,1/14/2026 1:10,1/14/2026 1:12
T0441,HWH,1/14/2026 1:25,1/14/2026 1:27
T0442,HWH,1/14/2026 0:05,1/14/2026 0:07
T0442,BLY,1/14/2026 0:20,1/14/2026 0:22
T0442,SRP,1/14/2026 0:45,1/14/2026 0:47
T0442,CGR,1/14/2026 1:10,1/14/2026 1:12
T0442,CNS,1/14/2026 1:15,1/14/2026 1:17
T0442,BDC,1/14/2026 1:25,1/14/2026 1:27
T0443,BDC,1/14/2026 0:05,1/14/2026 0:07
T0443,CNS,1/14/2026 0:15,1/14/2026 0:17
T0443,CGR,1/14/2026 0:20,1/14/2026 0:22
T0443,SRP,1/14/2026 0:45,1/14/2026 0:47
T0443,BLY,1/14/2026 1:10,1/14/2026 1:12
T0443,HWH,1/14/2026 1:25,1/14/2026 1:27
T0444,HWH,1/14/2026 0:05,1/14/2026 0:07
T0444,BLY,1/14/2026 0:20,1/14/2026 0:22
T0444,SRP,1/14/2026 0:45,1/14/2026 0:47
T0444,CGR,1/14/2026 1:10,1/14/2026 1:12
T0444,CNS,1/14/2026 1:15,1/14/2026 1:17
T0444,BDC,1/14/2026 1:25,1/14/2026 1:27
T0445,BDC,1/14/2026 0:05,1/14/2026 0:07
T0445,CNS,1/14/2026 0:15,1/14/2026 0:17
T0445,CGR,1/14/2026 0:20,1/14/2026 0:22
T0445,SRP,1/14/2026 0:45,1/14/2026 0:47
T0445,BLY,1/14/2026 1:10,1/14/2026 1:12
T0445,HWH,1/14/2026 1:25,1/14/2026 1:27
T0446,HWH,1/14/2026 0:05,1/14/2026 0:07
T0446,BLY,1/14/2026 0:20,1/14/2026 0:22
T0446,SRP,1/14/2026 0:45,1/14/2026 0:47
T0446,CGR,1/14/2026 1:10,1/14/2026 1:12
T0446,CNS,1/14/2026 1:15,1/14/2026 1:17
T0446,BDC,1/14/2026 1:25,1/14/2026 1:27
T0447,BDC,1/14/2026 0:05,1/14/2026 0:07
T0447,CNS,1/14/2026 0:15,1/14/2026 0:17
T0447,CGR,1/14/2026 0:20,1/14/2026 0:22
T0447,SRP,1/14/2026 0:45,1/14/2026 0:47
T0447,BLY,1/14/2026 1:10,1/14/2026 1:12
T0447,HWH,1/14/2026 1:25,1/14/2026 1:27
T0448,HWH,1/14/2026 0:05,1/14/2026 0:07
T0448,BLY,1/14/2026 0:20,1/14/2026 0:22
T0448,SRP,1/14/2026 0:45,1/14/2026 0:47
T0448,CGR,1/14/2026 1:10,1/14/2026 1:12
T0448,CNS,1/14/2026 1:15,1/14/2026 1:17
T0448,BDC,1/14/2026 1:25,1/14/2026 1:27
T0449,BDC,1/14/2026 0:05,1/14/2026 0:07
T0449,CNS,1/14/2026 0:15,1/14/2026 0:17
T0449,CGR,1/14/2026 0:20,1/14/2026 0:22
T0449,SRP,1/14/2026 0:45,1/14/2026 0:47
T0449,BLY,1/14/2026 1:10,1/14/2026 1:12
T0449,HWH,1/14/2026 1:25,1/14/2026 1:27
T0450,HWH,1/14/2026 0:05,1/14/2026 0:07
T0450,BLY,1/14/2026 0:20,1/14/2026 0:22
T0450,SRP,1/14/2026 0:45,1/14/2026 0:47
T0450,CGR,1/14/2026 1:10,1/14/2026 1:12
T0450,CNS,1/14/2026 1:15,1/14/2026 1:17
T0450,BDC,1/14/2026 1:25,1/14/2026 1:27
T0451,BDC,1/14/2026 0:05,1/14/2026 0:07
T0451,CNS,1/14/2026 0:15,1/14/2026 0:17
T0451,CGR,1/14/2026 0:20,1/14/2026 0:22
T0451,SRP,1/14/2026 0:45,1/14/2026 0:47
T0451,BLY,1/14/2026 1:10,1/14/2026 1:12
T0451,HWH,1/14/2026 1:25,1/14/2026 1:27
T0452,HWH,1/14/2026 0:05,1/14/2026 0:07
T0452,BLY,1/14/2026 0:20,1/14/2026 0:22
T0452,SRP,1/14/2026 0:45,1/14/2026 0:47
T0452,CGR,1/14/2026 1:10,1/14/2026 1:12
T0452,CNS,1/14/2026 1:15,1/14/2026 1:17
T0452,BDC,1/14/2026 1:25,1/14/2026 1:27
T0453,BDC,1/14/2026 0:05,1/14/2026 0:07
T0453,CNS,1/14/2026 0:15,1/14/2026 0:17
T0453,CGR,1/14/2026 0:20,1/14/2026 0:22
T0453,SRP,1/14/2026 0:45,1/14/2026 0:47
T0453,BLY,1/14/2026 1:10,1/14/2026 1:12
T0453,HWH,1/14/2026 1:25,1/14/2026 1:27
T0454,HWH,1/14/2026 0:05,1/14/2026 0:07
T0454,BLY,1/14/2026 0:20,1/14/2026 0:22
T0454,SRP,1/14/2026 0:45,1/14/2026 0:47
T0454,CGR,1/14/2026 1:10,1/14/2026 1:12
T0454,CNS,1/14/2026 1:15,1/14/2026 1:17
T0454,BDC,1/14/2026 1:25,1/14/2026 1:27
T0455,BDC,1/14/2026 0:05,1/14/2026 0:07
T0455,CNS,1/14/2026 0:15,1/14/2026 0:17
T0455,CGR,1/14/2026 0:20,1/14/2026 0:22
T0455,SRP,1/14/2026 0:45,1/14/2026 0:47
T0455,BLY,1/14/2026 1:10,1/14/2026 1:12
T0455,HWH,1/14/2026 1:25,1/14/2026 1:27
T0456,HWH,1/14/2026 0:05,1/14/2026 0:07
T0456,BLY,1/14/2026 0:20,1/14/2026 0:22
T0456,SRP,1/14/2026 0:45,1/14/2026 0:47
T0456,CGR,1/14/2026 1:10,1/14/2026 1:12
T0456,CNS,1/14/2026 1:15,1/14/2026 1:17
T0456,BDC,1/14/2026 1:25,1/14/2026 1:27
T0457,BDC,1/14/2026 0:05,1/14/2026 0:07
T0457,CNS,1/14/2026 0:15,1/14/2026 0:17
T0457,CGR,1/14/2026 0:20,1/14/2026 0:22
T0457,SRP,1/14/2026 0:45,1/14/2026 0:47
T0457,BLY,1/14/2026 1:10,1/14/2026 1:12
T0457,HWH,1/14/2026 1:25,1/14/2026 1:27
T0458,HWH,1/14/2026 0:05,1/14/2026 0:07
T0458,BLY,1/14/2026 0:20,1/14/2026 0:22
T0458,SRP,1/14/2026 0:45,1/14/2026 0:47
T0458,CGR,1/14/2026 1:10,1/14/2026 1:12
T0458,CNS,1/14/2026 1:15,1/14/2026 1:17
T0458,BDC,1/14/2026 1:25,1/14/2026 1:27
T0459,BDC,1/14/2026 0:05,1/14/2026 0:07
T0459,CNS,1/14/2026 0:15,1/14/2026 0:17
T0459,CGR,1/14/2026 0:20,1/14/2026 0:22
T0459,SRP,1/14/2026 0:45,1/14/2026 0:47
T0459,BLY,1/14/2026 1:10,1/14/2026 1:12
T0459,HWH,1/14/2026 1:25,1/14/2026 1:27
T0460,HWH,1/14/2026 0:05,1/14/2026 0:07
T0460,BLY,1/14/2026 0:20,1/14/2026 0:22
T0460,SRP,1/14/2026 0:45,1/14/2026 0:47
T0460,CGR,1/14/2026 1:10,1/14/2026 1:12
T0460,CNS,1/14/2026 1:15,1/14/2026 1:17
T0460,BDC,1/14/2026 1:25,1/14/2026 1:27
T0461,BDC,1/14/2026 0:05,1/14/2026 0:07
T0461,CNS,1/14/2026 0:15,1/14/2026 0:17
T0461,CGR,1/14/2026 0:20,1/14/2026 0:22
T0461,SRP,1/14/2026 0:45,1/14/2026 0:47
T0461,BLY,1/14/2026 1:10,1/14/2026 1:12
T0461,HWH,1/14/2026 1:25,1/14/2026 1:27
T0462,HWH,1/14/2026 0:05,1/14/2026 0:07
T0462,BLY,1/14/2026 0:20,1/14/2026 0:22
T0462,SRP,1/14/2026 0:45,1/14/2026 0:47
T0462,CGR,1/14/2026 1:10,1/14/2026 1:12
T0462,CNS,1/14/2026 1:15,1/14/2026 1:17
T0462,BDC,1/14/2026 1:25,1/14/2026 1:27
T0463,BDC,1/14/2026 0:05,1/14/2026 0:07
T0463,CNS,1/14/2026 0:15,1/14/2026 0:17
T0463,CGR,1/14/2026 0:20,1/14/2026 0:22
T0463,SRP,1/14/2026 0:45,1/14/2026 0:47
T0463,BLY,1/14/2026 1:10,1/14/2026 1:12
T0463,HWH,1/14/2026 1:25,1/14/2026 1:27
T0464,HWH,1/14/2026 0:05,1/14/2026 0:07
T0464,BLY,1/14/2026 0:20,1/14/2026 0:22
T0464,SRP,1/14/2026 0:45,1/14/2026 0:47
T0464,CGR,1/14/2026 1:10,1/14/2026 1:12
T0464,CNS,1/14/2026 1:15,1/14/2026 1:17
T0464,BDC,1/14/2026 1:25,1/14/2026 1:27
T0465,HWH,1/14/2026 0:05,1/14/2026 0:07
T0465,BLY,1/14/2026 0:20,1/14/2026 0:22
T0465,SRP,1/14/2026 0:45,1/14/2026 0:47
T0466,SRP,1/14/2026 0:25,1/14/2026 0:27
T0466,BLY,1/14/2026 0:50,1/14/2026 0:52
T0466,HWH,1/14/2026 1:05,1/14/2026 1:07
T0467,HWH,1/14/2026 0:05,1/14/2026 0:07
T0467,BLY,1/14/2026 0:20,1/14/2026 0:22
T0467,SRP,1/14/2026 0:45,1/14/2026 0:47
T0468,SRP,1/14/2026 0:25,1/14/2026 0:27
T0468,BLY,1/14/2026 0:50,1/14/2026 0:52
T0468,HWH,1/14/2026 1:05,1/14/2026 1:07
T0469,HWH,1/14/2026 0:05,1/14/2026 0:07
T0469,BLY,1/14/2026 0:20,1/14/2026 0:22
T0469,SRP,1/14/2026 0:45,1/14/2026 0:47
T0470,SRP,1/14/2026 0:45,1/14/2026 0:47
T0470,BLY,1/14/2026 1:10,1/14/2026 1:12
T0470,HWH,1/14/2026 1:25,1/14/2026 1:27
T0471,HWH,1/14/2026 0:05,1/14/2026 0:07
T0471,BLY,1/14/2026 0:20,1/14/2026 0:22
T0471,SRP,1/14/2026 0:45,1/14/2026 0:47
T0472,SRP,1/14/2026 1:05,1/14/2026 1:07
T0472,BLY,1/14/2026 1:30,1/14/2026 1:32
T0472,HWH,1/14/2026 1:45,1/14/2026 1:47
T0473,HWH,1/14/2026 0:05,1/14/2026 0:07
T0473,BLY,1/14/2026 0:20,1/14/2026 0:22
T0473,SRP,1/14/2026 0:45,1/14/2026 0:47
T0474,SRP,1/14/2026 1:05,1/14/2026 1:07
T0474,BLY,1/14/2026 1:30,1/14/2026 1:32
T0474,HWH,1/14/2026 1:45,1/14/2026 1:47
T0475,HWH,1/14/2026 0:05,1/14/2026 0:07
T0475,BLY,1/14/2026 0:20,1/14/2026 0:22
T0475,SRP,1/14/2026 0:45,1/14/2026 0:47
T0476,SRP,1/14/2026 1:05,1/14/2026 1:07
T0476,BLY,1/14/2026 1:30,1/14/2026 1:32
T0476,HWH,1/14/2026 1:45,1/14/2026 1:47
T0477,HWH,1/14/2026 0:05,1/14/2026 0:07
T0477,BLY,1/14/2026 0:20,1/14/2026 0:22
T0477,SRP,1/14/2026 0:45,1/14/2026 0:47
T0478,SRP,1/14/2026 1:05,1/14/2026 1:07
T0478,BLY,1/14/2026 1:30,1/14/2026 1:32
T0478,HWH,1/14/2026 1:45,1/14/2026 1:47
T0479,HWH,1/14/2026 0:05,1/14/2026 0:07
T0479,BLY,1/14/2026 0:20,1/14/2026 0:22
T0479,SRP,1/14/2026 0:45,1/14/2026 0:47
T0480,SRP,1/14/2026 1:05,1/14/2026 1:07
T0480,BLY,1/14/2026 1:25,1/14/2026 1:27
T0480,HWH,1/14/2026 1:40,1/14/2026 1:42
T0481,HWH,1/14/2026 0:05,1/14/2026 0:07
T0481,BLY,1/14/2026 0:20,1/14/2026 0:22
T0481,SRP,1/14/2026 0:45,1/14/2026 0:47
T0482,SRP,1/14/2026 1:05,1/14/2026 1:07
T0482,BLY,1/14/2026 1:20,1/14/2026 1:22
T0482,HWH,1/14/2026 1:30,1/14/2026 1:32
T0483,HWH,1/14/2026 0:05,1/14/2026 0:07
T0483,BLY,1/14/2026 0:20,1/14/2026 0:22
T0483,SRP,1/14/2026 0:45,1/14/2026 0:47
T0484,SRP,1/14/2026 1:05,1/14/2026 1:07
T0484,BLY,1/14/2026 1:30,1/14/2026 1:32
T0484,HWH,1/14/2026 1:45,1/14/2026 1:47
T0485,HWH,1/14/2026 0:05,1/14/2026 0:07
T0485,BLY,1/14/2026 0:20,1/14/2026 0:22
T0485,SRP,1/14/2026 0:45,1/14/2026 0:47
T0486,SRP,1/14/2026 1:05,1/14/2026 1:07
T0486,BLY,1/14/2026 1:30,1/14/2026 1:32
T0486,HWH,1/14/2026 1:45,1/14/2026 1:47
T0487,HWH,1/14/2026 0:05,1/14/2026 0:07
T0487,BLY,1/14/2026 0:20,1/14/2026 0:22
T0487,SRP,1/14/2026 0:45,1/14/2026 0:47
T0488,SRP,1/14/2026 1:05,1/14/2026 1:07
T0488,BLY,1/14/2026 1:30,1/14/2026 1:32
T0488,HWH,1/14/2026 1:45,1/14/2026 1:47
T0489,HWH,1/14/2026 0:05,1/14/2026 0:07
T0489,BLY,1/14/2026 0:20,1/14/2026 0:22
T0489,SRP,1/14/2026 0:45,1/14/2026 0:47
T0490,SRP,1/14/2026 1:05,1/14/2026 1:07
T0490,BLY,1/14/2026 1:30,1/14/2026 1:32
T0490,HWH,1/14/2026 1:45,1/14/2026 1:47
T0491,HWH,1/14/2026 0:05,1/14/2026 0:07
T0491,BLY,1/14/2026 0:20,1/14/2026 0:22
T0491,SRP,1/14/2026 0:45,1/14/2026 0:47
T0492,SRP,1/14/2026 1:05,1/14/2026 1:07
T0492,BLY,1/14/2026 1:30,1/14/2026 1:32
T0492,HWH,1/14/2026 1:45,1/14/2026 1:47
T0493,HWH,1/14/2026 0:05,1/14/2026 0:07
T0493,BLY,1/14/2026 0:20,1/14/2026 0:22
T0493,SRP,1/14/2026 0:45,1/14/2026 0:47
T0494,SRP,1/14/2026 1:05,1/14/2026 1:07
T0494,BLY,1/14/2026 1:30,1/14/2026 1:32
T0494,HWH,1/14/2026 1:45,1/14/2026 1:47
T0495,HWH,1/14/2026 0:05,1/14/2026 0:07
T0495,BLY,1/14/2026 0:20,1/14/2026 0:22
T0495,SRP,1/14/2026 0:45,1/14/2026 0:47
T0496,SRP,1/14/2026 1:05,1/14/2026 1:07
T0496,BLY,1/14/2026 1:30,1/14/2026 1:32
T0496,HWH,1/14/2026 1:45,1/14/2026 1:47
T0497,HWH,1/14/2026 0:05,1/14/2026 0:07
T0497,BLY,1/14/2026 0:20,1/14/2026 0:22
T0497,SRP,1/14/2026 0:45,1/14/2026 0:47
T0498,SRP,1/14/2026 1:05,1/14/2026 1:07
T0498,BLY,1/14/2026 1:30,1/14/2026 1:32
T0498,HWH,1/14/2026 1:45,1/14/2026 1:47
T0499,HWH,1/14/2026 0:05,1/14/2026 0:07
T0499,BLY,1/14/2026 0:20,1/14/2026 0:22
T0499,SRP,1/14/2026 0:45,1/14/2026 0:47
T0500,SRP,1/14/2026 1:05,1/14/2026 1:07
T0500,BLY,1/14/2026 1:30,1/14/2026 1:32
T0500,HWH,1/14/2026 1:45,1/14/2026 1:47
T0501,HWH,1/14/2026 0:05,1/14/2026 0:07
T0501,BLY,1/14/2026 0:20,1/14/2026 0:22
T0501,SRP,1/14/2026 0:45,1/14/2026 0:47
T0502,SRP,1/14/2026 1:05,1/14/2026 1:07
T0502,BLY,1/14/2026 1:30,1/14/2026 1:32
T0502,HWH,1/14/2026 1:45,1/14/2026 1:47
T0503,HWH,1/14/2026 0:05,1/14/2026 0:07
T0503,BLY,1/14/2026 0:20,1/14/2026 0:22
T0503,SRP,1/14/2026 0:45,1/14/2026 0:47
T0504,SRP,1/14/2026 1:05,1/14/2026 1:07
T0504,BLY,1/14/2026 1:30,1/14/2026 1:32
T0504,HWH,1/14/2026 1:45,1/14/2026 1:47
T0505,HWH,1/14/2026 0:05,1/14/2026 0:07
T0505,BLY,1/14/2026 0:20,1/14/2026 0:22
T0505,SRP,1/14/2026 0:45,1/14/2026 0:47
T0506,SRP,1/14/2026 1:05,1/14/2026 1:07
T0506,BLY,1/14/2026 1:30,1/14/2026 1:32
T0506,HWH,1/14/2026 1:45,1/14/2026 1:47
T0507,HWH,1/14/2026 0:05,1/14/2026 0:07
T0507,BLY,1/14/2026 0:20,1/14/2026 0:22
T0507,SRP,1/14/2026 0:45,1/14/2026 0:47
T0508,SRP,1/14/2026 1:05,1/14/2026 1:07
T0508,BLY,1/14/2026 1:30,1/14/2026 1:32
T0508,HWH,1/14/2026 1:45,1/14/2026 1:47
T0509,HWH,1/14/2026 0:05,1/14/2026 0:07
T0509,BLY,1/14/2026 0:20,1/14/2026 0:22
T0509,SRP,1/14/2026 0:45,1/14/2026 0:47
T0510,SRP,1/14/2026 1:05,1/14/2026 1:07
T0510,BLY,1/14/2026 1:30,1/14/2026 1:32
T0510,HWH,1/14/2026 1:45,1/14/2026 1:47
T0511,HWH,1/14/2026 0:05,1/14/2026 0:07
T0511,BLY,1/14/2026 0:20,1/14/2026 0:22
T0511,SRP,1/14/2026 0:45,1/14/2026 0:47
T0512,SRP,1/14/2026 1:05,1/14/2026 1:07
T0512,BLY,1/14/2026 1:30,1/14/2026 1:32
T0512,HWH,1/14/2026 1:45,1/14/2026 1:47
T0513,SRP,1/14/2026 1:05,1/14/2026 1:07
T0513,BLY,1/14/2026 1:30,1/14/2026 1:32
T0513,HWH,1/14/2026 1:45,1/14/2026 1:47
T0514,HWH,1/14/2026 0:05,1/14/2026 0:07
T0514,BLY,1/14/2026 0:20,1/14/2026 0:22
T0514,SRP,1/14/2026 0:45,1/14/2026 0:47
T0515,SRP,1/14/2026 1:15,1/14/2026 1:17
T0515,BLY,1/14/2026 1:40,1/14/2026 1:42
T0515,HWH,1/14/2026 1:55,1/14/2026 1:57
T0516,HWH,1/14/2026 0:05,1/14/2026 0:07
T0516,BLY,1/14/2026 0:20,1/14/2026 0:22
T0516,SRP,1/14/2026 0:45,1/14/2026 0:47
T0517,SRP,1/14/2026 1:15,1/14/2026 1:17
T0517,BLY,1/14/2026 1:40,1/14/2026 1:42
T0517,HWH,1/14/2026 1:55,1/14/2026 1:57
T0518,HWH,1/14/2026 0:05,1/14/2026 0:07
T0518,BLY,1/14/2026 0:20,1/14/2026 0:22
T0518,SRP,1/14/2026 0:45,1/14/2026 0:47
T0519,SRP,1/14/2026 1:15,1/14/2026 1:17
T0519,BLY,1/14/2026 1:40,1/14/2026 1:42
T0519,HWH,1/14/2026 1:55,1/14/2026 1:57
T0520,HWH,1/14/2026 0:05,1/14/2026 0:07
T0520,BLY,1/14/2026 0:20,1/14/2026 0:22
T0520,SRP,1/14/2026 0:45,1/14/2026 0:47
T0521,SRP,1/14/2026 1:15,1/14/2026 1:17
T0521,BLY,1/14/2026 1:40,1/14/2026 1:42
T0521,HWH,1/14/2026 1:55,1/14/2026 1:57
T0522,HWH,1/14/2026 0:05,1/14/2026 0:07
T0522,BLY,1/14/2026 0:20,1/14/2026 0:22
T0522,SRP,1/14/2026 0:45,1/14/2026 0:47
T0523,SRP,1/14/2026 1:15,1/14/2026 1:17
T0523,BLY,1/14/2026 1:35,1/14/2026 1:37
T0523,HWH,1/14/2026 1:50,1/14/2026 1:52
T0524,HWH,1/14/2026 0:05,1/14/2026 0:07
T0524,BLY,1/14/2026 0:20,1/14/2026 0:22
T0524,SRP,1/14/2026 0:45,1/14/2026 0:47
T0525,SRP,1/14/2026 1:15,1/14/2026 1:17
T0525,BLY,1/14/2026 1:40,1/14/2026 1:42
T0525,HWH,1/14/2026 1:55,1/14/2026 1:57
T0526,HWH,1/14/2026 0:05,1/14/2026 0:07
T0526,BLY,1/14/2026 0:20,1/14/2026 0:22
T0526,SRP,1/14/2026 0:45,1/14/2026 0:47
T0527,SRP,1/14/2026 1:15,1/14/2026 1:17
T0527,BLY,1/14/2026 1:40,1/14/2026 1:42
T0527,HWH,1/14/2026 1:55,1/14/2026 1:57
T0528,SRP,1/14/2026 1:15,1/14/2026 1:17
T0528,BLY,1/14/2026 1:40,1/14/2026 1:42
T0528,HWH,1/14/2026 1:55,1/14/2026 1:57
T0529,HWH,1/14/2026 0:05,1/14/2026 0:07
T0529,BLY,1/14/2026 0:20,1/14/2026 0:22
T0529,SRP,1/14/2026 0:45,1/14/2026 0:47
T0530,BLY,1/14/2026 0:05,1/14/2026 0:07
T0530,SRP,1/14/2026 0:30,1/14/2026 0:32
T0530,CGR,1/14/2026 0:55,1/14/2026 0:57
T0530,CNS,1/14/2026 1:00,1/14/2026 1:02
T0530,BDC,1/14/2026 1:10,1/14/2026 1:12
T0531,BDC,1/14/2026 0:05,1/14/2026 0:07
T0531,CNS,1/14/2026 0:15,1/14/2026 0:17
T0531,CGR,1/14/2026 0:20,1/14/2026 0:22
T0531,SRP,1/14/2026 0:45,1/14/2026 0:47
T0531,BLY,1/14/2026 1:10,1/14/2026 1:12
T0532,BDC,1/14/2026 0:20,1/14/2026 0:22
T0533,BDC,1/14/2026 0:05,1/14/2026 0:07
T0534,BDC,1/14/2026 0:20,1/14/2026 0:22
T0535,BDC,1/14/2026 0:05,1/14/2026 0:07
T0536,BDC,1/14/2026 0:20,1/14/2026 0:22
T0537,BDC,1/14/2026 0:05,1/14/2026 0:07
T0538,BDC,1/14/2026 0:20,1/14/2026 0:22
T0539,BDC,1/14/2026 0:05,1/14/2026 0:07
T0540,BDC,1/14/2026 0:20,1/14/2026 0:22
T0541,BDC,1/14/2026 0:05,1/14/2026 0:07
T0542,BDC,1/14/2026 0:20,1/14/2026 0:22
T0543,BDC,1/14/2026 0:05,1/14/2026 0:07
T0544,BDC,1/14/2026 0:20,1/14/2026 0:22
T0545,BDC,1/14/2026 0:05,1/14/2026 0:07
T0546,BDC,1/14/2026 0:20,1/14/2026 0:22
T0547,BDC,1/14/2026 0:05,1/14/2026 0:07
T0548,BDC,1/14/2026 0:20,1/14/2026 0:22
T0549,BDC,1/14/2026 0:05,1/14/2026 0:07
T0550,BDC,1/14/2026 0:20,1/14/2026 0:22
T0551,BDC,1/14/2026 0:05,1/14/2026 0:07
T0552,BDC,1/14/2026 0:20,1/14/2026 0:22
T0553,BDC,1/14/2026 0:05,1/14/2026 0:07
T0554,BDC,1/14/2026 0:20,1/14/2026 0:22
T0555,BDC,1/14/2026 0:05,1/14/2026 0:07
T0556,BDC,1/14/2026 0:20,1/14/2026 0:22
T0557,BDC,1/14/2026 0:05,1/14/2026 0:07
T0558,BDC,1/14/2026 0:20,1/14/2026 0:22
T0559,BDC,1/14/2026 0:05,1/14/2026 0:07
T0560,BDC,1/14/2026 0:20,1/14/2026 0:22
T0561,BDC,1/14/2026 0:05,1/14/2026 0:07
T0562,BDC,1/14/2026 0:20,1/14/2026 0:22
T0563,BDC,1/14/2026 0:05,1/14/2026 0:07
T0564,BDC,1/14/2026 0:20,1/14/2026 0:22
T0565,BDC,1/14/2026 0:05,1/14/2026 0:07
T0566,BDC,1/14/2026 0:20,1/14/2026 0:22
T0567,BDC,1/14/2026 0:05,1/14/2026 0:07
T0568,BDC,1/14/2026 0:20,1/14/2026 0:22
T0569,BDC,1/14/2026 0:05,1/14/2026 0:07
T0570,HWH,1/14/2026 0:05,1/14/2026 0:07
T0570,BLY,1/14/2026 0:20,1/14/2026 0:22
T0570,SRP,1/14/2026 0:45,1/14/2026 0:47
T0570,CGR,1/14/2026 1:10,1/14/2026 1:12
T0570,CNS,1/14/2026 1:15,1/14/2026 1:17
T0570,BDC,1/14/2026 1:25,1/14/2026 1:27
T0571,BDC,1/14/2026 0:30,1/14/2026 0:32
T0571,CNS,1/14/2026 0:40,1/14/2026 0:42
T0571,CGR,1/14/2026 0:45,1/14/2026 0:47
T0571,HWH,1/14/2026 1:15,1/14/2026 1:17
T0572,BDC,1/14/2026 0:20,1/14/2026 0:22
T0572,CNS,1/14/2026 0:30,1/14/2026 0:32
T0572,CGR,1/14/2026 0:35,1/14/2026 0:37
T0572,SRP,1/14/2026 1:00,1/14/2026 1:02
T0572,BLY,1/14/2026 1:25,1/14/2026 1:27
T0572,HWH,1/14/2026 1:40,1/14/2026 1:42
T0573,HWH,1/14/2026 0:05,1/14/2026 0:07
T0573,SRP,1/14/2026 0:15,1/14/2026 0:17
T0573,CGR,1/14/2026 0:25,1/14/2026 0:27
T0573,CNS,1/14/2026 0:30,1/14/2026 0:32
T0573,BDC,1/14/2026 0:35,1/14/2026 0:37
T0574,BDC,1/14/2026 1:00,1/14/2026 1:02
T0574,CNS,1/14/2026 1:05,1/14/2026 1:07
T0574,CGR,1/14/2026 1:10,1/14/2026 1:12
T0574,SRP,1/14/2026 1:20,1/14/2026 1:22
T0574,HWH,1/14/2026 1:30,1/14/2026 1:32
T0575,HWH,1/14/2026 0:05,1/14/2026 0:07
T0575,BLY,1/14/2026 0:20,1/14/2026 0:22
T0575,SRP,1/14/2026 0:45,1/14/2026 0:47
T0575,CGR,1/14/2026 1:10,1/14/2026 1:12
T0575,CNS,1/14/2026 1:15,1/14/2026 1:17
T0575,BDC,1/14/2026 1:25,1/14/2026 1:27
T0576,BDC,1/14/2026 1:00,1/14/2026 1:02
T0576,CNS,1/14/2026 1:10,1/14/2026 1:12
T0576,CGR,1/14/2026 1:15,1/14/2026 1:17
T0576,SRP,1/14/2026 1:40,1/14/2026 1:42
T0576,BLY,1/14/2026 2:05,1/14/2026 2:07
T0576,HWH,1/14/2026 2:20,1/14/2026 2:22
T0577,HWH,1/14/2026 0:05,1/14/2026 0:07
T0577,BLY,1/14/2026 0:20,1/14/2026 0:22
T0577,SRP,1/14/2026 0:45,1/14/2026 0:47
T0577,CGR,1/14/2026 1:10,1/14/2026 1:12
T0577,CNS,1/14/2026 1:15,1/14/2026 1:17
T0577,BDC,1/14/2026 1:25,1/14/2026 1:27
T0578,BDC,1/14/2026 1:00,1/14/2026 1:02
T0578,CNS,1/14/2026 1:10,1/14/2026 1:12
T0578,CGR,1/14/2026 1:15,1/14/2026 1:17
T0578,SRP,1/14/2026 1:40,1/14/2026 1:42
T0578,BLY,1/14/2026 2:05,1/14/2026 2:07
T0578,HWH,1/14/2026 2:20,1/14/2026 2:22
T0579,HWH,1/14/2026 0:05,1/14/2026 0:07
T0579,BLY,1/14/2026 0:20,1/14/2026 0:22
T0579,SRP,1/14/2026 0:45,1/14/2026 0:47
T0579,CGR,1/14/2026 1:10,1/14/2026 1:12
T0579,CNS,1/14/2026 1:15,1/14/2026 1:17
T0579,BDC,1/14/2026 1:25,1/14/2026 1:27
T0580,BDC,1/14/2026 1:00,1/14/2026 1:02
T0580,CNS,1/14/2026 1:10,1/14/2026 1:12
T0580,CGR,1/14/2026 1:15,1/14/2026 1:17
T0580,SRP,1/14/2026 1:40,1/14/2026 1:42
T0580,BLY,1/14/2026 2:05,1/14/2026 2:07
T0580,HWH,1/14/2026 2:20,1/14/2026 2:22
T0581,BDC,1/14/2026 0:05,1/14/2026 0:07
T0582,BDC,1/14/2026 0:05,1/14/2026 0:07
T0583,BDC,1/14/2026 1:00,1/14/2026 1:02
T0584,BDC,1/14/2026 0:05,1/14/2026 0:07
T0585,BDC,1/14/2026 2:05,1/14/2026 2:07
T0586,BDC,1/14/2026 0:05,1/14/2026 0:07
T0587,BDC,1/14/2026 2:20,1/14/2026 2:22
T0588,BDC,1/14/2026 0:05,1/14/2026 0:07
T0589,BDC,1/14/2026 2:15,1/14/2026 2:17
T0590,BDC,1/14/2026 0:05,1/14/2026 0:07
T0591,BDC,1/14/2026 2:20,1/14/2026 2:22
T0592,BDC,1/14/2026 2:20,1/14/2026 2:22
T0593,BDC,1/14/2026 0:05,1/14/2026 0:07
T0594,BDC,1/14/2026 2:20,1/14/2026 2:22
T0595,BDC,1/14/2026 0:05,1/14/2026 0:07
T0596,BDC,1/14/2026 2:05,1/14/2026 2:07
T0597,BDC,1/14/2026 2:20,1/14/2026 2:22
T0598,BDC,1/14/2026 0:05,1/14/2026 0:07
T0599,BDC,1/14/2026 2:05,1/14/2026 2:07
T0600,BDC,1/14/2026 0:05,1/14/2026 0:07
T0601,BDC,1/14/2026 1:30,1/14/2026 1:32
T0602,BDC,1/14/2026 0:05,1/14/2026 0:07
T0603,BDC,1/14/2026 1:30,1/14/2026 1:32
T0604,BDC,1/14/2026 0:05,1/14/2026 0:07
T0605,BDC,1/14/2026 1:30,1/14/2026 1:32
T0606,HWH,1/14/2026 0:05,1/14/2026 0:07
T0606,BLY,1/14/2026 0:20,1/14/2026 0:22
T0606,SRP,1/14/2026 0:45,1/14/2026 0:47
T0606,CGR,1/14/2026 1:10,1/14/2026 1:12
T0606,CNS,1/14/2026 1:15,1/14/2026 1:17
T0606,BDC,1/14/2026 1:25,1/14/2026 1:27
T0607,BDC,1/14/2026 1:20,1/14/2026 1:22
T0607,CNS,1/14/2026 1:30,1/14/2026 1:32
T0607,CGR,1/14/2026 1:35,1/14/2026 1:37
T0607,SRP,1/14/2026 2:00,1/14/2026 2:02
T0607,BLY,1/14/2026 2:25,1/14/2026 2:27
T0607,HWH,1/14/2026 2:40,1/14/2026 2:42
T0608,HWH,1/14/2026 0:05,1/14/2026 0:07
T0608,BLY,1/14/2026 0:20,1/14/2026 0:22
T0608,SRP,1/14/2026 0:45,1/14/2026 0:47
T0608,CGR,1/14/2026 1:10,1/14/2026 1:12
T0608,CNS,1/14/2026 1:15,1/14/2026 1:17
T0608,BDC,1/14/2026 1:25,1/14/2026 1:27
T0609,BDC,1/14/2026 1:30,1/14/2026 1:32
T0609,CNS,1/14/2026 1:40,1/14/2026 1:42
T0609,CGR,1/14/2026 1:45,1/14/2026 1:47
T0609,SRP,1/14/2026 2:10,1/14/2026 2:12
T0609,BLY,1/14/2026 2:35,1/14/2026 2:37
T0609,HWH,1/14/2026 2:50,1/14/2026 2:52
T0610,HWH,1/14/2026 0:05,1/14/2026 0:07
T0610,BLY,1/14/2026 0:10,1/14/2026 0:12
T0610,SRP,1/14/2026 0:25,1/14/2026 0:27
T0610,CGR,1/14/2026 0:45,1/14/2026 0:47
T0610,CNS,1/14/2026 0:50,1/14/2026 0:52
T0610,BDC,1/14/2026 0:55,1/14/2026 0:57
T0611,BDC,1/14/2026 1:30,1/14/2026 1:32
T0611,CNS,1/14/2026 1:40,1/14/2026 1:42
T0611,CGR,1/14/2026 1:45,1/14/2026 1:47
T0611,SRP,1/14/2026 2:10,1/14/2026 2:12
T0611,BLY,1/14/2026 2:35,1/14/2026 2:37
T0611,HWH,1/14/2026 2:50,1/14/2026 2:52
T0612,HWH,1/14/2026 0:05,1/14/2026 0:07
T0612,BLY,1/14/2026 0:20,1/14/2026 0:22
T0612,SRP,1/14/2026 0:45,1/14/2026 0:47
T0612,CGR,1/14/2026 1:10,1/14/2026 1:12
T0612,CNS,1/14/2026 1:15,1/14/2026 1:17
T0612,BDC,1/14/2026 1:25,1/14/2026 1:27
T0613,BDC,1/14/2026 1:30,1/14/2026 1:32
T0613,CNS,1/14/2026 1:40,1/14/2026 1:42
T0613,CGR,1/14/2026 1:45,1/14/2026 1:47
T0613,SRP,1/14/2026 2:10,1/14/2026 2:12
T0613,BLY,1/14/2026 2:35,1/14/2026 2:37
T0613,HWH,1/14/2026 2:50,1/14/2026 2:52
T0614,HWH,1/14/2026 0:05,1/14/2026 0:07
T0614,BLY,1/14/2026 0:20,1/14/2026 0:22
T0614,SRP,1/14/2026 0:45,1/14/2026 0:47
T0614,CGR,1/14/2026 1:10,1/14/2026 1:12
T0614,CNS,1/14/2026 1:15,1/14/2026 1:17
T0614,BDC,1/14/2026 1:25,1/14/2026 1:27
T0615,BDC,1/14/2026 1:30,1/14/2026 1:32
T0615,CNS,1/14/2026 1:40,1/14/2026 1:42
T0615,CGR,1/14/2026 1:45,1/14/2026 1:47
T0615,SRP,1/14/2026 2:10,1/14/2026 2:12
T0615,BLY,1/14/2026 2:35,1/14/2026 2:37
T0615,HWH,1/14/2026 2:50,1/14/2026 2:52
T0616,HWH,1/14/2026 0:05,1/14/2026 0:07
T0616,BLY,1/14/2026 0:20,1/14/2026 0:22
T0616,SRP,1/14/2026 0:45,1/14/2026 0:47
T0616,CGR,1/14/2026 1:10,1/14/2026 1:12
T0616,CNS,1/14/2026 1:15,1/14/2026 1:17
T0616,BDC,1/14/2026 1:25,1/14/2026 1:27
T0617,BDC,1/14/2026 0:10,1/14/2026 0:12
T0617,HWH,1/14/2026 0:15,1/14/2026 0:17
T0618,HWH,1/14/2026 0:05,1/14/2026 0:07
T0618,BLY,1/14/2026 0:20,1/14/2026 0:22
T0618,SRP,1/14/2026 0:45,1/14/2026 0:47
T0618,CGR,1/14/2026 1:10,1/14/2026 1:12
T0618,CNS,1/14/2026 1:15,1/14/2026 1:17
T0618,BDC,1/14/2026 1:25,1/14/2026 1:27
T0619,BDC,1/14/2026 1:30,1/14/2026 1:32
T0619,CNS,1/14/2026 1:40,1/14/2026 1:42
T0619,CGR,1/14/2026 1:45,1/14/2026 1:47
T0619,SRP,1/14/2026 2:10,1/14/2026 2:12
T0619,HWH,1/14/2026 2:20,1/14/2026 2:22
T0620,HWH,1/14/2026 0:05,1/14/2026 0:07
T0620,BLY,1/14/2026 0:20,1/14/2026 0:22
T0620,SRP,1/14/2026 0:45,1/14/2026 0:47
T0620,CGR,1/14/2026 1:10,1/14/2026 1:12
T0620,CNS,1/14/2026 1:15,1/14/2026 1:17
T0620,BDC,1/14/2026 1:25,1/14/2026 1:27
T0621,BDC,1/14/2026 1:30,1/14/2026 1:32
T0621,CNS,1/14/2026 1:35,1/14/2026 1:37
T0621,CGR,1/14/2026 1:40,1/14/2026 1:42
T0621,SRP,1/14/2026 1:45,1/14/2026 1:47
T0621,HWH,1/14/2026 1:50,1/14/2026 1:52
T0622,HWH,1/14/2026 0:05,1/14/2026 0:07
T0622,BLY,1/14/2026 0:20,1/14/2026 0:22
T0622,SRP,1/14/2026 0:45,1/14/2026 0:47
T0622,CGR,1/14/2026 1:10,1/14/2026 1:12
T0622,CNS,1/14/2026 1:15,1/14/2026 1:17
T0622,BDC,1/14/2026 1:25,1/14/2026 1:27
T0623,BDC,1/14/2026 1:30,1/14/2026 1:32
T0623,CNS,1/14/2026 1:40,1/14/2026 1:42
T0623,CGR,1/14/2026 1:45,1/14/2026 1:47
T0623,SRP,1/14/2026 2:10,1/14/2026 2:12
T0623,HWH,1/14/2026 2:15,1/14/2026 2:17
T0624,HWH,1/14/2026 0:05,1/14/2026 0:07
T0624,BLY,1/14/2026 0:20,1/14/2026 0:22
T0624,SRP,1/14/2026 0:45,1/14/2026 0:47
T0624,CGR,1/14/2026 1:10,1/14/2026 1:12
T0624,CNS,1/14/2026 1:15,1/14/2026 1:17
T0624,BDC,1/14/2026 1:25,1/14/2026 1:27
T0625,BDC,1/14/2026 1:30,1/14/2026 1:32
T0625,CNS,1/14/2026 1:40,1/14/2026 1:42
T0625,CGR,1/14/2026 1:45,1/14/2026 1:47
T0625,SRP,1/14/2026 2:10,1/14/2026 2:12
T0625,HWH,1/14/2026 2:15,1/14/2026 2:17
T0626,HWH,1/14/2026 0:05,1/14/2026 0:07
T0626,BLY,1/14/2026 0:10,1/14/2026 0:12
T0626,SRP,1/14/2026 0:25,1/14/2026 0:27
T0626,CGR,1/14/2026 0:50,1/14/2026 0:52
T0626,CNS,1/14/2026 0:55,1/14/2026 0:57
T0626,BDC,1/14/2026 1:05,1/14/2026 1:07
T0627,BDC,1/14/2026 1:30,1/14/2026 1:32
T0627,CNS,1/14/2026 1:40,1/14/2026 1:42
T0627,CGR,1/14/2026 1:45,1/14/2026 1:47
T0627,SRP,1/14/2026 2:10,1/14/2026 2:12
T0627,BLY,1/14/2026 2:35,1/14/2026 2:37
T0627,HWH,1/14/2026 2:50,1/14/2026 2:52
T0628,HWH,1/14/2026 0:05,1/14/2026 0:07
T0628,BLY,1/14/2026 0:20,1/14/2026 0:22
T0628,SRP,1/14/2026 0:45,1/14/2026 0:47
T0628,CGR,1/14/2026 1:10,1/14/2026 1:12
T0628,CNS,1/14/2026 1:15,1/14/2026 1:17
T0628,BDC,1/14/2026 1:25,1/14/2026 1:27
T0629,BDC,1/14/2026 1:30,1/14/2026 1:32
T0629,CNS,1/14/2026 1:40,1/14/2026 1:42
T0629,CGR,1/14/2026 1:45,1/14/2026 1:47
T0629,SRP,1/14/2026 2:10,1/14/2026 2:12
T0629,BLY,1/14/2026 2:35,1/14/2026 2:37
T0629,HWH,1/14/2026 2:50,1/14/2026 2:52
T0630,HWH,1/14/2026 0:05,1/14/2026 0:07
T0630,SRP,1/14/2026 0:10,1/14/2026 0:12
T0630,CGR,1/14/2026 0:20,1/14/2026 0:22
T0630,CNS,1/14/2026 0:25,1/14/2026 0:27
T0630,BDC,1/14/2026 0:30,1/14/2026 0:32
T0631,BDC,1/14/2026 1:30,1/14/2026 1:32
T0631,CNS,1/14/2026 1:40,1/14/2026 1:42
T0631,CGR,1/14/2026 1:45,1/14/2026 1:47
T0631,SRP,1/14/2026 2:10,1/14/2026 2:12
T0631,BLY,1/14/2026 2:35,1/14/2026 2:37
T0631,HWH,1/14/2026 2:50,1/14/2026 2:52
T0632,HWH,1/14/2026 0:05,1/14/2026 0:07
T0632,SRP,1/14/2026 0:10,1/14/2026 0:12
T0632,CGR,1/14/2026 0:35,1/14/2026 0:37
T0632,CNS,1/14/2026 0:40,1/14/2026 0:42
T0632,BDC,1/14/2026 0:50,1/14/2026 0:52
T0633,BDC,1/14/2026 1:30,1/14/2026 1:32
T0633,CNS,1/14/2026 1:40,1/14/2026 1:42
T0633,CGR,1/14/2026 1:45,1/14/2026 1:47
T0633,SRP,1/14/2026 2:10,1/14/2026 2:12
T0633,BLY,1/14/2026 2:35,1/14/2026 2:37
T0633,HWH,1/14/2026 2:50,1/14/2026 2:52
T0634,HWH,1/14/2026 0:05,1/14/2026 0:07
T0634,SRP,1/14/2026 0:20,1/14/2026 0:22
T0634,CGR,1/14/2026 0:45,1/14/2026 0:47
T0634,CNS,1/14/2026 0:50,1/14/2026 0:52
T0634,BDC,1/14/2026 1:00,1/14/2026 1:02
T0635,BDC,1/14/2026 1:30,1/14/2026 1:32
T0635,CNS,1/14/2026 1:40,1/14/2026 1:42
T0635,CGR,1/14/2026 1:45,1/14/2026 1:47
T0635,SRP,1/14/2026 2:10,1/14/2026 2:12
T0635,BLY,1/14/2026 2:35,1/14/2026 2:37
T0635,HWH,1/14/2026 2:50,1/14/2026 2:52
T0636,HWH,1/14/2026 0:05,1/14/2026 0:07
T0636,CGR,1/14/2026 0:15,1/14/2026 0:17
T0636,CNS,1/14/2026 0:20,1/14/2026 0:22
T0636,BDC,1/14/2026 0:25,1/14/2026 0:27
T0637,BDC,1/14/2026 1:30,1/14/2026 1:32
T0637,CNS,1/14/2026 1:40,1/14/2026 1:42
T0637,CGR,1/14/2026 1:45,1/14/2026 1:47
T0637,SRP,1/14/2026 2:10,1/14/2026 2:12
T0637,BLY,1/14/2026 2:35,1/14/2026 2:37
T0637,HWH,1/14/2026 2:50,1/14/2026 2:52
T0638,HWH,1/14/2026 0:05,1/14/2026 0:07
T0638,BDC,1/14/2026 0:10,1/14/2026 0:12
T0639,BDC,1/14/2026 1:25,1/14/2026 1:27
T0639,CNS,1/14/2026 1:30,1/14/2026 1:32
T0639,CGR,1/14/2026 1:35,1/14/2026 1:37
T0639,SRP,1/14/2026 1:45,1/14/2026 1:47
T0639,HWH,1/14/2026 1:50,1/14/2026 1:52
T0640,HWH,1/14/2026 0:05,1/14/2026 0:07
T0640,BLY,1/14/2026 0:10,1/14/2026 0:12
T0640,SRP,1/14/2026 0:25,1/14/2026 0:27
T0640,CGR,1/14/2026 0:50,1/14/2026 0:52
T0640,CNS,1/14/2026 0:55,1/14/2026 0:57
T0640,BDC,1/14/2026 1:05,1/14/2026 1:07
T0641,BDC,1/14/2026 1:25,1/14/2026 1:27
T0641,CNS,1/14/2026 1:35,1/14/2026 1:37
T0641,CGR,1/14/2026 1:40,1/14/2026 1:42
T0641,SRP,1/14/2026 2:05,1/14/2026 2:07
T0641,BLY,1/14/2026 2:30,1/14/2026 2:32
T0641,HWH,1/14/2026 2:45,1/14/2026 2:47
T0642,HWH,1/14/2026 0:05,1/14/2026 0:07
T0642,SRP,1/14/2026 0:10,1/14/2026 0:12
T0642,CGR,1/14/2026 0:35,1/14/2026 0:37
T0642,CNS,1/14/2026 0:40,1/14/2026 0:42
T0642,BDC,1/14/2026 0:50,1/14/2026 0:52
T0643,BDC,1/14/2026 1:30,1/14/2026 1:32
T0643,CNS,1/14/2026 1:40,1/14/2026 1:42
T0643,CGR,1/14/2026 1:45,1/14/2026 1:47
T0643,SRP,1/14/2026 2:10,1/14/2026 2:12
T0643,BLY,1/14/2026 2:35,1/14/2026 2:37
T0643,HWH,1/14/2026 2:50,1/14/2026 2:52
T0644,HWH,1/14/2026 0:05,1/14/2026 0:07
T0644,SRP,1/14/2026 0:10,1/14/2026 0:12
T0644,CGR,1/14/2026 0:20,1/14/2026 0:22
T0644,CNS,1/14/2026 0:25,1/14/2026 0:27
T0644,BDC,1/14/2026 0:30,1/14/2026 0:32
T0645,BDC,1/14/2026 1:30,1/14/2026 1:32
T0645,CNS,1/14/2026 1:40,1/14/2026 1:42
T0645,CGR,1/14/2026 1:45,1/14/2026 1:47
T0645,SRP,1/14/2026 2:10,1/14/2026 2:12
T0645,BLY,1/14/2026 2:35,1/14/2026 2:37
T0645,HWH,1/14/2026 2:50,1/14/2026 2:52
T0646,HWH,1/14/2026 0:05,1/14/2026 0:07
T0646,BLY,1/14/2026 0:20,1/14/2026 0:22
T0646,SRP,1/14/2026 0:45,1/14/2026 0:47
T0646,CGR,1/14/2026 1:10,1/14/2026 1:12
T0646,CNS,1/14/2026 1:15,1/14/2026 1:17
T0646,BDC,1/14/2026 1:25,1/14/2026 1:27
T0647,BDC,1/14/2026 1:30,1/14/2026 1:32
T0647,CNS,1/14/2026 1:40,1/14/2026 1:42
T0647,CGR,1/14/2026 1:45,1/14/2026 1:47
T0647,SRP,1/14/2026 2:10,1/14/2026 2:12
T0647,BLY,1/14/2026 2:35,1/14/2026 2:37
T0647,HWH,1/14/2026 2:50,1/14/2026 2:52
T0648,HWH,1/14/2026 0:05,1/14/2026 0:07
T0648,SRP,1/14/2026 0:25,1/14/2026 0:27
T0648,CGR,1/14/2026 0:50,1/14/2026 0:52
T0648,CNS,1/14/2026 0:55,1/14/2026 0:57
T0648,BDC,1/14/2026 1:05,1/14/2026 1:07
T0649,BDC,1/14/2026 1:30,1/14/2026 1:32
T0649,CNS,1/14/2026 1:40,1/14/2026 1:42
T0649,CGR,1/14/2026 1:45,1/14/2026 1:47
T0649,SRP,1/14/2026 2:10,1/14/2026 2:12
T0649,BLY,1/14/2026 2:35,1/14/2026 2:37
T0649,HWH,1/14/2026 2:50,1/14/2026 2:52
T0650,HWH,1/14/2026 0:05,1/14/2026 0:07
T0650,BLY,1/14/2026 0:20,1/14/2026 0:22
T0650,SRP,1/14/2026 0:45,1/14/2026 0:47
T0650,CGR,1/14/2026 1:10,1/14/2026 1:12
T0650,CNS,1/14/2026 1:15,1/14/2026 1:17
T0650,BDC,1/14/2026 1:25,1/14/2026 1:27
T0651,HWH,1/14/2026 0:05,1/14/2026 0:07
T0651,BLY,1/14/2026 0:20,1/14/2026 0:22
T0651,SRP,1/14/2026 0:45,1/14/2026 0:47
T0651,CGR,1/14/2026 1:10,1/14/2026 1:12
T0651,CNS,1/14/2026 1:15,1/14/2026 1:17
T0651,BDC,1/14/2026 1:25,1/14/2026 1:27
T0652,HWH,1/14/2026 0:05,1/14/2026 0:07
T0652,BLY,1/14/2026 0:20,1/14/2026 0:22
T0652,SRP,1/14/2026 0:45,1/14/2026 0:47
T0652,CGR,1/14/2026 1:10,1/14/2026 1:12
T0652,CNS,1/14/2026 1:15,1/14/2026 1:17
T0652,BDC,1/14/2026 1:25,1/14/2026 1:27
T0653,BDC,1/14/2026 2:05,1/14/2026 2:07
T0653,CNS,1/14/2026 2:15,1/14/2026 2:17
T0653,CGR,1/14/2026 2:20,1/14/2026 2:22
T0653,SRP,1/14/2026 2:45,1/14/2026 2:47
T0653,BLY,1/14/2026 3:10,1/14/2026 3:12
T0653,HWH,1/14/2026 3:25,1/14/2026 3:27
T0654,HWH,1/14/2026 0:05,1/14/2026 0:07
T0654,BLY,1/14/2026 0:20,1/14/2026 0:22
T0654,SRP,1/14/2026 0:45,1/14/2026 0:47
T0654,CGR,1/14/2026 1:10,1/14/2026 1:12
T0654,CNS,1/14/2026 1:15,1/14/2026 1:17
T0654,BDC,1/14/2026 1:25,1/14/2026 1:27
T0655,BDC,1/14/2026 2:10,1/14/2026 2:12
T0655,CNS,1/14/2026 2:15,1/14/2026 2:17
T0655,CGR,1/14/2026 2:20,1/14/2026 2:22
T0655,HWH,1/14/2026 2:25,1/14/2026 2:27
T0656,HWH,1/14/2026 0:05,1/14/2026 0:07
T0656,BDC,1/14/2026 0:15,1/14/2026 0:17
T0657,BDC,1/14/2026 2:20,1/14/2026 2:22
T0657,CNS,1/14/2026 2:25,1/14/2026 2:27
T0657,CGR,1/14/2026 2:30,1/14/2026 2:32
T0657,HWH,1/14/2026 2:35,1/14/2026 2:37
T0658,HWH,1/14/2026 0:05,1/14/2026 0:07
T0658,BLY,1/14/2026 0:20,1/14/2026 0:22
T0658,SRP,1/14/2026 0:45,1/14/2026 0:47
T0658,CGR,1/14/2026 1:10,1/14/2026 1:12
T0658,CNS,1/14/2026 1:15,1/14/2026 1:17
T0658,BDC,1/14/2026 1:25,1/14/2026 1:27
T0659,BDC,1/14/2026 2:20,1/14/2026 2:22
T0659,CNS,1/14/2026 2:30,1/14/2026 2:32
T0659,CGR,1/14/2026 2:35,1/14/2026 2:37
T0659,SRP,1/14/2026 3:00,1/14/2026 3:02
T0659,BLY,1/14/2026 3:25,1/14/2026 3:27
T0659,HWH,1/14/2026 3:40,1/14/2026 3:42
T0660,HWH,1/14/2026 0:05,1/14/2026 0:07
T0660,SRP,1/14/2026 0:10,1/14/2026 0:12
T0660,CGR,1/14/2026 0:20,1/14/2026 0:22
T0660,CNS,1/14/2026 0:25,1/14/2026 0:27
T0660,BDC,1/14/2026 0:30,1/14/2026 0:32
T0661,BDC,1/14/2026 2:15,1/14/2026 2:17
T0661,CNS,1/14/2026 2:20,1/14/2026 2:22
T0661,CGR,1/14/2026 2:25,1/14/2026 2:27
T0661,HWH,1/14/2026 2:30,1/14/2026 2:32
T0662,HWH,1/14/2026 0:05,1/14/2026 0:07
T0662,BLY,1/14/2026 0:10,1/14/2026 0:12
T0662,SRP,1/14/2026 0:20,1/14/2026 0:22
T0662,CGR,1/14/2026 0:45,1/14/2026 0:47
T0662,CNS,1/14/2026 0:50,1/14/2026 0:52
T0662,BDC,1/14/2026 1:00,1/14/2026 1:02
T0663,BDC,1/14/2026 2:20,1/14/2026 2:22
T0663,CNS,1/14/2026 2:30,1/14/2026 2:32
T0663,CGR,1/14/2026 2:35,1/14/2026 2:37
T0663,SRP,1/14/2026 3:00,1/14/2026 3:02
T0663,BLY,1/14/2026 3:25,1/14/2026 3:27
T0663,HWH,1/14/2026 3:40,1/14/2026 3:42
T0664,HWH,1/14/2026 0:05,1/14/2026 0:07
T0664,SRP,1/14/2026 0:10,1/14/2026 0:12
T0664,CGR,1/14/2026 0:15,1/14/2026 0:17
T0664,CNS,1/14/2026 0:20,1/14/2026 0:22
T0664,BDC,1/14/2026 0:25,1/14/2026 0:27
T0665,BDC,1/14/2026 2:20,1/14/2026 2:22
T0665,HWH,1/14/2026 2:30,1/14/2026 2:32
T0666,HWH,1/14/2026 0:05,1/14/2026 0:07
T0666,CGR,1/14/2026 0:10,1/14/2026 0:12
T0666,CNS,1/14/2026 0:15,1/14/2026 0:17
T0666,BDC,1/14/2026 0:20,1/14/2026 0:22
T0667,BDC,1/14/2026 2:20,1/14/2026 2:22
T0667,CNS,1/14/2026 2:30,1/14/2026 2:32
T0667,CGR,1/14/2026 2:35,1/14/2026 2:37
T0667,SRP,1/14/2026 3:00,1/14/2026 3:02
T0667,BLY,1/14/2026 3:25,1/14/2026 3:27
T0667,HWH,1/14/2026 3:40,1/14/2026 3:42
T0668,HWH,1/14/2026 0:05,1/14/2026 0:07
T0668,BLY,1/14/2026 0:20,1/14/2026 0:22
T0668,SRP,1/14/2026 0:45,1/14/2026 0:47
T0668,CGR,1/14/2026 1:10,1/14/2026 1:12
T0668,CNS,1/14/2026 1:15,1/14/2026 1:17
T0668,BDC,1/14/2026 1:25,1/14/2026 1:27
T0669,BDC,1/14/2026 2:00,1/14/2026 2:02
T0669,CNS,1/14/2026 2:10,1/14/2026 2:12
T0669,CGR,1/14/2026 2:15,1/14/2026 2:17
T0669,SRP,1/14/2026 2:40,1/14/2026 2:42
T0669,BLY,1/14/2026 3:05,1/14/2026 3:07
T0669,HWH,1/14/2026 3:20,1/14/2026 3:22
T0670,HWH,1/14/2026 0:05,1/14/2026 0:07
T0671,HWH,1/14/2026 2:10,1/14/2026 2:12
T0672,HWH,1/14/2026 0:05,1/14/2026 0:07
T0673,HWH,1/14/2026 1:40,1/14/2026 1:42
T0674,HWH,1/14/2026 0:05,1/14/2026 0:07
T0675,HWH,1/14/2026 2:10,1/14/2026 2:12
T0676,HWH,1/14/2026 0:05,1/14/2026 0:07
T0677,HWH,1/14/2026 1:05,1/14/2026 1:07
T0678,HWH,1/14/2026 0:05,1/14/2026 0:07
T0679,HWH,1/14/2026 1:05,1/14/2026 1:07
T0680,HWH,1/14/2026 1:05,1/14/2026 1:07
T0681,HWH,1/14/2026 1:20,1/14/2026 1:22
T0682,HWH,1/14/2026 1:20,1/14/2026 1:22
T0683,HWH,1/14/2026 1:40,1/14/2026 1:42
T0684,HWH,1/14/2026 0:05,1/14/2026 0:07
T0685,HWH,1/14/2026 1:40,1/14/2026 1:42
T0686,HWH,1/14/2026 1:40,1/14/2026 1:42
T0687,HWH,1/14/2026 0:05,1/14/2026 0:07
T0688,HWH,1/14/2026 1:40,1/14/2026 1:42
T0689,HWH,1/14/2026 1:40,1/14/2026 1:42
T0690,HWH,1/14/2026 1:40,1/14/2026 1:42
T0691,HWH,1/14/2026 1:40,1/14/2026 1:42
T0692,HWH,1/14/2026 0:05,1/14/2026 0:07
T0693,HWH,1/14/2026 0:05,1/14/2026 0:07
T0694,HWH,1/14/2026 2:00,1/14/2026 2:02
T0695,HWH,1/14/2026 0:05,1/14/2026 0:07
T0696,HWH,1/14/2026 2:00,1/14/2026 2:02
T0697,HWH,1/14/2026 0:05,1/14/2026 0:07
T0698,HWH,1/14/2026 2:00,1/14/2026 2:02
T0699,HWH,1/14/2026 2:00,1/14/2026 2:02
T0700,HWH,1/14/2026 0:05,1/14/2026 0:07
T0701,HWH,1/14/2026 2:00,1/14/2026 2:02
T0702,HWH,1/14/2026 0:05,1/14/2026 0:07
T0703,HWH,1/14/2026 2:00,1/14/2026 2:02
T0704,HWH,1/14/2026 0:05,1/14/2026 0:07
T0705,HWH,1/14/2026 2:00,1/14/2026 2:02
T0706,HWH,1/14/2026 2:00,1/14/2026 2:02
T0707,HWH,1/14/2026 0:05,1/14/2026 0:07
T0708,HWH,1/14/2026 0:05,1/14/2026 0:07
T0709,HWH,1/14/2026 0:05,1/14/2026 0:07
T0710,HWH,1/14/2026 0:05,1/14/2026 0:07
T0711,HWH,1/14/2026 0:05,1/14/2026 0:07
T0712,HWH,1/14/2026 0:05,1/14/2026 0:07
T0713,HWH,1/14/2026 0:05,1/14/2026 0:07
T0714,HWH,1/14/2026 0:05,1/14/2026 0:07
T0715,HWH,1/14/2026 0:05,1/14/2026 0:07
T0716,HWH,1/14/2026 0:05,1/14/2026 0:07
T0717,HWH,1/14/2026 0:05,1/14/2026 0:07
T0718,HWH,1/14/2026 2:00,1/14/2026 2:02
T0719,HWH,1/14/2026 0:05,1/14/2026 0:07
T0720,HWH,1/14/2026 2:00,1/14/2026 2:02
T0721,HWH,1/14/2026 0:05,1/14/2026 0:07
T0722,HWH,1/14/2026 2:00,1/14/2026 2:02
T0723,HWH,1/14/2026 0:05,1/14/2026 0:07
T0724,HWH,1/14/2026 2:25,1/14/2026 2:27
T0725,HWH,1/14/2026 0:05,1/14/2026 0:07
T0726,HWH,1/14/2026 1:35,1/14/2026 1:37
T0727,HWH,1/14/2026 0:05,1/14/2026 0:07
T0728,HWH,1/14/2026 2:45,1/14/2026 2:47
T0729,HWH,1/14/2026 0:05,1/14/2026 0:07
T0730,HWH,1/14/2026 2:45,1/14/2026 2:47
T0731,HWH,1/14/2026 0:05,1/14/2026 0:07
T0732,HWH,1/14/2026 2:40,1/14/2026 2:42
T0733,HWH,1/14/2026 0:05,1/14/2026 0:07
T0734,HWH,1/14/2026 2:45,1/14/2026 2:47
T0735,HWH,1/14/2026 2:45,1/14/2026 2:47
T0736,HWH,1/14/2026 0:05,1/14/2026 0:07
T0737,HWH,1/14/2026 0:05,1/14/2026 0:07
T0738,HWH,1/14/2026 0:05,1/14/2026 0:07
T0739,HWH,1/14/2026 2:45,1/14/2026 2:47
T0740,HWH,1/14/2026 2:35,1/14/2026 2:37
T0741,HWH,1/14/2026 2:15,1/14/2026 2:17
T0742,HWH,1/14/2026 0:05,1/14/2026 0:07
T0743,HWH,1/14/2026 3:00,1/14/2026 3:02
T0744,HWH,1/14/2026 0:05,1/14/2026 0:07
T0745,HWH,1/14/2026 2:50,1/14/2026 2:52
T0746,HWH,1/14/2026 0:05,1/14/2026 0:07
T0747,HWH,1/14/2026 1:10,1/14/2026 1:12
T0748,HWH,1/14/2026 0:05,1/14/2026 0:07
T0749,HWH,1/14/2026 2:10,1/14/2026 2:12
T0750,HWH,1/14/2026 0:05,1/14/2026 0:07
T0751,HWH,1/14/2026 3:00,1/14/2026 3:02
T0752,HWH,1/14/2026 0:05,1/14/2026 0:07
T0753,HWH,1/14/2026 3:00,1/14/2026 3:02
T0754,HWH,1/14/2026 0:05,1/14/2026 0:07
T0755,HWH,1/14/2026 3:00,1/14/2026 3:02
T0756,HWH,1/14/2026 0:05,1/14/2026 0:07
T0757,HWH,1/14/2026 2:45,1/14/2026 2:47
T0758,HWH,1/14/2026 0:05,1/14/2026 0:07
T0759,HWH,1/14/2026 3:00,1/14/2026 3:02
T0760,HWH,1/14/2026 0:05,1/14/2026 0:07
T0761,HWH,1/14/2026 3:00,1/14/2026 3:02
T0762,HWH,1/14/2026 0:05,1/14/2026 0:07
T0763,HWH,1/14/2026 2:45,1/14/2026 2:47
T0764,HWH,1/14/2026 0:05,1/14/2026 0:07
T0765,HWH,1/14/2026 2:25,1/14/2026 2:27
T0766,HWH,1/14/2026 0:05,1/14/2026 0:07
T0767,HWH,1/14/2026 3:00,1/14/2026 3:02
T0768,HWH,1/14/2026 0:05,1/14/2026 0:07
T0769,HWH,1/14/2026 3:00,1/14/2026 3:02
T0770,HWH,1/14/2026 0:05,1/14/2026 0:07
T0771,HWH,1/14/2026 3:00,1/14/2026 3:02
T0772,HWH,1/14/2026 0:05,1/14/2026 0:07
T0773,HWH,1/14/2026 0:05,1/14/2026 0:07
T0774,HWH,1/14/2026 1:45,1/14/2026 1:47
T0775,HWH,1/14/2026 0:05,1/14/2026 0:07
T0776,HWH,1/14/2026 0:05,1/14/2026 0:07
T0777,HWH,1/14/2026 1:45,1/14/2026 1:47
T0778,HWH,1/14/2026 0:05,1/14/2026 0:07
T0778,SRP,1/14/2026 0:10,1/14/2026 0:12
T0778,CGR,1/14/2026 0:20,1/14/2026 0:22
T0778,CNS,1/14/2026 0:25,1/14/2026 0:27
T0778,BDC,1/14/2026 0:30,1/14/2026 0:32
T0779,BDC,1/14/2026 2:30,1/14/2026 2:32
T0779,CNS,1/14/2026 2:35,1/14/2026 2:37
T0779,CGR,1/14/2026 2:40,1/14/2026 2:42
T0779,SRP,1/14/2026 2:50,1/14/2026 2:52
T0779,BLY,1/14/2026 2:55,1/14/2026 2:57
T0779,HWH,1/14/2026 3:00,1/14/2026 3:02
T0780,HWH,1/14/2026 0:05,1/14/2026 0:07
T0780,SRP,1/14/2026 0:10,1/14/2026 0:12
T0780,CGR,1/14/2026 0:20,1/14/2026 0:22
T0780,CNS,1/14/2026 0:25,1/14/2026 0:27
T0780,BDC,1/14/2026 0:30,1/14/2026 0:32
T0781,BDC,1/14/2026 8:30,1/14/2026 8:32
T0781,CNS,1/14/2026 8:35,1/14/2026 8:37
T0781,CGR,1/14/2026 8:40,1/14/2026 8:42
T0781,SRP,1/14/2026 8:50,1/14/2026 8:52
T0781,HWH,1/14/2026 8:55,1/14/2026 8:57
T0782,HWH,1/14/2026 0:05,1/14/2026 0:07
T0782,SRP,1/14/2026 0:10,1/14/2026 0:12
T0782,CGR,1/14/2026 0:20,1/14/2026 0:22
T0782,CNS,1/14/2026 0:25,1/14/2026 0:27
T0782,BDC,1/14/2026 0:30,1/14/2026 0:32
T0783,BDC,1/14/2026 5:40,1/14/2026 5:42
T0783,CNS,1/14/2026 5:45,1/14/2026 5:47
T0783,CGR,1/14/2026 5:50,1/14/2026 5:52
T0783,SRP,1/14/2026 6:00,1/14/2026 6:02
T0783,HWH,1/14/2026 6:05,1/14/2026 6:07
T0784,HWH,1/14/2026 0:05,1/14/2026 0:07
T0784,BDC,1/14/2026 0:15,1/14/2026 0:17
T0785,BDC,1/14/2026 1:35,1/14/2026 1:37
T0785,HWH,1/14/2026 1:40,1/14/2026 1:42
T0786,HWH,1/14/2026 0:05,1/14/2026 0:07
T0786,CGR,1/14/2026 0:10,1/14/2026 0:12
T0786,CNS,1/14/2026 0:15,1/14/2026 0:17
T0786,BDC,1/14/2026 0:20,1/14/2026 0:22
T0787,BDC,1/14/2026 1:40,1/14/2026 1:42
T0787,CNS,1/14/2026 1:45,1/14/2026 1:47
T0787,CGR,1/14/2026 1:50,1/14/2026 1:52
T0787,HWH,1/14/2026 1:55,1/14/2026 1:57
T0788,HWH,1/14/2026 0:05,1/14/2026 0:07
T0788,SRP,1/14/2026 0:10,1/14/2026 0:12
T0788,CGR,1/14/2026 0:20,1/14/2026 0:22
T0788,CNS,1/14/2026 0:25,1/14/2026 0:27
T0788,BDC,1/14/2026 0:30,1/14/2026 0:32
T0789,BDC,1/14/2026 3:40,1/14/2026 3:42
T0789,CNS,1/14/2026 3:45,1/14/2026 3:47
T0789,CGR,1/14/2026 3:50,1/14/2026 3:52
T0789,SRP,1/14/2026 4:00,1/14/2026 4:02
T0789,BLY,1/14/2026 4:05,1/14/2026 4:07
T0789,HWH,1/14/2026 4:10,1/14/2026 4:12
T0790,BDC,1/14/2026 1:00,1/14/2026 1:02
T0791,BDC,1/14/2026 5:00,1/14/2026 5:02
T0792,BDC,1/14/2026 0:20,1/14/2026 0:22
T0793,BDC,1/14/2026 1:15,1/14/2026 1:17
T0794,HWH,1/14/2026 0:05,1/14/2026 0:07
T0795,HWH,1/14/2026 0:05,1/14/2026 0:07
T0796,HWH,1/14/2026 3:15,1/14/2026 3:17
T0797,HWH,1/14/2026 0:05,1/14/2026 0:07
T0798,HWH,1/14/2026 3:45,1/14/2026 3:47
T0799,HWH,1/14/2026 0:05,1/14/2026 0:07
T0800,HWH,1/14/2026 2:20,1/14/2026 2:22
T0801,BDC,1/14/2026 0:35,1/14/2026 0:37
T0802,BDC,1/14/2026 2:00,1/14/2026 2:02
T0803,HWH,1/14/2026 0:05,1/14/2026 0:07
T0803,BDC,1/14/2026 0:10,1/14/2026 0:12
T0804,BDC,1/14/2026 1:30,1/14/2026 1:32
T0804,CNS,1/14/2026 1:40,1/14/2026 1:42
T0804,CGR,1/14/2026 1:45,1/14/2026 1:47
T0804,SRP,1/14/2026 2:10,1/14/2026 2:12
T0804,BLY,1/14/2026 2:35,1/14/2026 2:37
T0804,HWH,1/14/2026 2:50,1/14/2026 2:52
T0805,HWH,1/14/2026 0:05,1/14/2026 0:07
T0806,HWH,1/14/2026 1:55,1/14/2026 1:57
T0807,HWH,1/14/2026 0:05,1/14/2026 0:07
T0808,BDC,1/14/2026 0:25,1/14/2026 0:27
T0809,BDC,1/14/2026 3:40,1/14/2026 3:42
T0810,HWH,1/14/2026 1:20,1/14/2026 1:22
T0811,HWH,1/14/2026 0:05,1/14/2026 0:07
T0812,HWH,1/14/2026 1:10,1/14/2026 1:12
